pairID,uniqueID,sentenceID,homophoneVersion,homophoneID,sentenceType,wordPairVersion,m1,word,m1_relatedness,m2_relatedness
1,1,1,a,1,pun,m1,lion,circus,1.377983027,-0.630542589
2,1,1,a,1,pun,m1,lion,truck,-0.657045944,-0.412135754
3,1,1,a,1,pun,m1,lion,driver,-1.042229239,0.006942127
4,1,1,a,1,pun,m1,lion,refused,-0.803420041,-0.599020207
5,1,1,a,1,pun,m1,lion,tow,-0.878076745,-0.226590203
6,2,2,a,2,pun,m1,tooth,dentist,1.62355512,-0.565572904
7,2,2,a,2,pun,m1,tooth,tell,-0.768492084,0.804145346
8,2,2,a,2,pun,m1,tooth,patient,0.111725948,-0.432490434
9,2,2,a,2,pun,m1,tooth,whole,-0.322992663,0.752346196
10,3,3,a,3,pun,m1,cilia,handlebar,-0.820549264,-0.742520611
11,3,3,a,3,pun,m1,cilia,mustache,-0.010195246,-0.297709011
12,3,3,a,3,pun,m1,cilia,look,-0.923160237,-0.675208967
13,3,3,a,3,pun,m1,cilia,ridiculous,-0.950474383,1.151378004
14,3,3,a,3,pun,m1,cilia,symmetrical,-0.360338435,-0.683703022
15,3,3,a,3,pun,m1,cilia,eyelashes,-0.040038203,-0.681557747
16,3,3,a,3,pun,m1,cilia,even,-0.929999881,-0.727122625
17,4,4,a,4,pun,m1,heir,man,0.502701118,1.063789627
18,4,4,a,4,pun,m1,heir,used,-0.58932926,-0.569021165
19,4,4,a,4,pun,m1,heir,money,1.381728734,-0.374102282
20,4,4,a,4,pun,m1,heir,inherited,1.404774565,-0.190257313
21,4,4,a,4,pun,m1,heir,late,0.17890769,-0.845278073
22,4,4,a,4,pun,m1,heir,father,0.721817788,-0.413880798
23,4,4,a,4,pun,m1,heir,put,-0.62358598,-0.378372875
24,4,4,a,4,pun,m1,heir,addition,-0.382613152,-0.450466895
25,4,4,a,4,pun,m1,heir,house,-0.575083639,-0.768492084
26,4,4,a,4,pun,m1,heir,extension,-0.431374827,0.793788593
27,5,5,a,5,pun,m1,clothing,men's,0.854047774,-0.864343966
28,5,5,a,5,pun,m1,clothing,wear,1.273718445,-0.628833021
29,5,5,a,5,pun,m1,clothing,store,1.517614712,-0.019507567
30,5,5,a,5,pun,m1,clothing,opening,-0.389128151,1.277368953
31,5,5,a,5,pun,m1,clothing,times,-0.535653622,0.429658664
32,6,6,a,6,pun,m1,ambiance,paramedic,-0.892589298,0.382651093
33,6,6,a,6,pun,m1,ambiance,got,-0.57113356,-0.863688194
34,6,6,a,6,pun,m1,ambiance,new,-0.360169455,-0.906119465
35,6,6,a,6,pun,m1,ambiance,job,-0.696788693,0.562416838
36,6,6,a,6,pun,m1,ambiance,chauffeur,-0.314530643,-0.390131783
37,6,6,a,6,pun,m1,ambiance,driver,-0.543925855,0.841903822
38,7,7,a,7,pun,m1,perches,pet,0.543119058,-0.331846317
39,7,7,a,7,pun,m1,perches,store,-0.725018344,1.273688022
40,7,7,a,7,pun,m1,perches,bird,1.191686169,-0.501370858
41,7,7,a,7,pun,m1,perches,contest,-0.590919012,-0.562537662
42,7,7,a,7,pun,m1,perches,necessary,-0.823158985,0.120207237
43,8,8,a,8,pun,m1,reword,pun,-0.071790798,-0.787863724
44,9,9,a,9,pun,m1,math,rubber,-0.748391508,-0.582838844
45,9,9,a,9,pun,m1,math,band,-0.876819151,-0.749418744
46,9,9,a,9,pun,m1,math,pistol,-0.820549264,-0.736901481
47,9,9,a,9,pun,m1,math,confiscated,-0.577110797,-0.812923943
48,9,9,a,9,pun,m1,math,algebra,1.85746101,-0.518226951
49,9,9,a,9,pun,m1,math,class,1.118197093,-0.250535633
50,9,9,a,9,pun,m1,math,weapon,-0.317952911,0.460125844
51,9,9,a,9,pun,m1,math,disruption,-0.861675739,0.20398117
52,10,10,a,10,pun,m1,stealer,thief,1.548432432,0.538072559
53,10,10,a,10,pun,m1,stealer,stole,1.694467811,0.789595372
54,10,10,a,10,pun,m1,stealer,cutlery,-0.608574651,-0.228020166
55,10,10,a,10,pun,m1,stealer,leaving,-0.696696471,-0.827171198
56,10,10,a,10,pun,m1,stealer,clue,-0.367417642,-0.296696232
57,10,10,a,10,pun,m1,stealer,called,-0.73993729,-0.835115108
58,10,10,a,10,pun,m1,stealer,stainless,-0.72768653,-0.09379566
59,11,11,a,11,pun,m1,wicker,getting,-0.802963762,-0.791296213
60,11,11,a,11,pun,m1,wicker,pranked,-0.945886353,0.291268252
61,11,11,a,11,pun,m1,wicker,friends,-0.929679135,-0.555701691
62,11,11,a,11,pun,m1,wicker,getting,-0.645101213,-0.696201398
63,11,11,a,11,pun,m1,wicker,hit,-0.818366589,0.114935389
64,11,11,a,11,pun,m1,wicker,basket,1.40920629,-0.680156607
65,11,11,a,11,pun,m1,wicker,aron,-0.878076745,-0.754020104
66,11,11,a,11,pun,m1,wicker,knew,-0.853144038,-0.869254404
67,11,11,a,11,pun,m1,wicker,sense,-0.674633301,-0.379664444
68,11,11,a,11,pun,m1,wicker,humor,-0.696201398,0.643750513
69,12,12,a,12,pun,m1,spatial,aliens,-0.331103175,-0.179464204
70,12,12,a,12,pun,m1,spatial,lovable,-0.587589366,0.657898682
71,13,13,a,13,pun,m1,whirled,astronaut,-0.177755161,1.200440109
72,13,13,a,13,pun,m1,whirled,gets,-0.753138191,-0.625352039
73,13,13,a,13,pun,m1,whirled,take,-0.7778778,-0.602837689
74,13,13,a,13,pun,m1,whirled,turn,1.733512144,0.32137873
75,13,13,a,13,pun,m1,whirled,traveler,-0.69952321,1.104669659
76,14,14,a,14,pun,m1,caesars,young,-0.130802016,-0.574533178
77,14,14,a,14,pun,m1,caesars,boy,-0.347430465,-0.205619209
78,14,14,a,14,pun,m1,caesars,brutus',1.099729391,-0.870360782
79,14,14,a,14,pun,m1,caesars,mother,-0.768492084,-0.804208035
80,14,14,a,14,pun,m1,caesars,cautioned,-0.903392247,1.588185734
81,14,14,a,14,pun,m1,caesars,not,-0.787256892,-1.094772876
82,14,14,a,14,pun,m1,caesars,run,-0.820549264,0.124706242
83,15,15,a,15,pun,m1,launch,astronauts,1.866736686,-0.695418569
84,15,15,a,15,pun,m1,launch,like,-0.825180387,-0.335230617
85,16,16,a,16,pun,m1,bloom,flower,1.436927181,0.682043181
86,16,16,a,16,pun,m1,bloom,show,0.640303692,-0.593808778
87,16,16,a,16,pun,m1,bloom,prize,-0.481246649,-0.274261135
88,16,16,a,16,pun,m1,bloom,ribbon,-0.507494658,0.79998026
89,17,17,a,17,pun,m1,flea,pet,1.178779019,-0.392441284
90,17,17,a,17,pun,m1,flea,store,-0.30782313,-0.05921709
91,17,17,a,17,pun,m1,flea,buy,-0.402777604,0.044471953
92,17,17,a,17,pun,m1,flea,dog,0.892434215,-0.450559247
93,17,17,a,17,pun,m1,flea,get,-0.789078325,0.351543999
94,18,18,a,18,pun,m1,fillings,kind,-0.741261606,0.760959289
95,18,18,a,18,pun,m1,fillings,dentist,1.696305434,-0.227316991
96,19,19,a,19,pun,m1,salivation,bell,0.318681874,-0.358648754
97,19,19,a,19,pun,m1,salivation,bark,-0.603036147,-0.518201998
98,19,19,a,19,pun,m1,salivation,kennel,-0.12174292,-0.852195938
99,19,19,a,19,pun,m1,salivation,novel,-0.9744652,-0.463107148
100,19,19,a,19,pun,m1,salivation,ivan,-0.890851734,-0.855225043
101,19,19,a,19,pun,m1,salivation,pavlov,0.539515988,0.155029846
102,19,19,a,19,pun,m1,salivation,chronicles,-0.658279818,-0.43002334
103,19,19,a,19,pun,m1,salivation,birth,-0.35454071,0.238622737
104,19,19,a,19,pun,m1,salivation,army,0.091829622,0.114838662
105,20,20,a,20,pun,m1,orifice,dentists,0.194547375,1.238488039
106,20,20,a,20,pun,m1,orifice,like,-0.855225043,-0.964779109
107,20,20,a,20,pun,m1,orifice,hard,-0.497426638,-0.360273011
108,20,20,a,20,pun,m1,orifice,day,-0.740043375,0.26177945
109,21,21,a,21,pun,m1,braille,even,-0.801476003,-0.768492084
110,21,21,a,21,pun,m1,braille,ashley,-0.506866596,-0.318165828
111,21,21,a,21,pun,m1,braille,blind,1.534468703,-0.999925399
112,21,21,a,21,pun,m1,braille,under,-0.9624971,-0.794120045
113,21,21,a,21,pun,m1,braille,arrest,-0.791296213,1.722882404
114,21,21,a,21,pun,m1,braille,still,-0.560659136,-0.84409879
115,21,21,a,21,pun,m1,braille,hope,-0.622885758,-0.291239755
116,21,21,a,21,pun,m1,braille,out,-0.109953666,1.523096169
117,22,22,a,22,pun,m1,sperm,even,-1.09733531,-1.025309695
118,22,22,a,22,pun,m1,sperm,contributes,-0.395011074,-0.491900541
119,22,22,a,22,pun,m1,sperm,either,-0.686619962,-0.686796655
120,22,22,a,22,pun,m1,sperm,x,-0.488115664,-1.020847887
121,22,22,a,22,pun,m1,sperm,y,0.630654036,-0.553105246
122,22,22,a,22,pun,m1,sperm,chromosome,1.240840569,-0.698370281
123,22,22,a,22,pun,m1,sperm,father,1.214549809,-0.828776304
124,22,22,a,22,pun,m1,sperm,chooses,-0.782835074,-0.649524509
125,22,22,a,22,pun,m1,sperm,sex,1.793568014,0.994719349
126,22,22,a,22,pun,m1,sperm,child,1.20202566,-0.695449385
127,22,22,a,22,pun,m1,sperm,just,-0.705919562,-0.960892804
128,22,22,a,22,pun,m1,sperm,moment,-0.456345808,1.80293771
129,22,22,a,22,pun,m1,sperm,decision,-0.340387368,-0.151593384
130,23,23,a,23,pun,m1,grime,children,-0.248805238,-0.807717991
131,23,23,a,23,pun,m1,grime,eat,-0.463720998,-0.777888144
132,23,23,a,23,pun,m1,grime,washing,0.855460814,-1.022932402
133,23,23,a,23,pun,m1,grime,hands,0.02573075,-0.192807897
134,24,24,a,24,pun,m1,epoch,grandparents,-0.140462652,-0.696201398
135,24,24,a,24,pun,m1,epoch,faces,-0.871854252,0.090758841
136,24,24,a,24,pun,m1,epoch,full,-0.531953874,-0.489234324
137,24,24,a,24,pun,m1,epoch,marks,-0.765084941,1.235380646
138,25,25,a,25,pun,m1,bonus,labored,0.230826751,-0.618125366
139,25,25,a,25,pun,m1,bonus,hard,-0.605434133,0.961548028
140,25,25,a,25,pun,m1,bonus,worked,0.085690978,0.160513752
141,25,25,a,25,pun,m1,bonus,fingers,-1.042123439,1.111863269
142,26,26,a,26,pun,m1,hobbit,keep,-0.657583393,0.253686122
143,26,26,a,26,pun,m1,hobbit,reading,1.472241225,0.019289278
144,26,26,a,26,pun,m1,hobbit,the,0.171521965,-1.006811246
145,26,26,a,26,pun,m1,hobbit,lord,0.082779547,-0.696696471
146,26,26,a,26,pun,m1,hobbit,rings,0.943917597,-0.566546575
147,26,26,a,26,pun,m1,hobbit,guess,-0.847441127,-0.91851544
148,26,26,a,26,pun,m1,hobbit,just,-0.869925117,-0.556870298
149,26,26,a,26,pun,m1,hobbit,force,-0.660585383,-0.157900287
150,27,27,a,27,pun,m1,screaming,like,-0.89623195,-0.443944792
151,27,27,a,27,pun,m1,screaming,latest,-0.768492084,-0.295271219
152,27,27,a,27,pun,m1,screaming,horror,1.020541988,0.698420014
153,27,27,a,27,pun,m1,screaming,movie,0.240603017,1.034326306
154,27,27,a,27,pun,m1,screaming,i've,-0.83289257,-0.90658766
155,27,27,a,27,pun,m1,screaming,arranged,-0.647822954,-0.404895972
156,27,27,a,27,pun,m1,screaming,private,-0.851442379,0.524680304
157,28,28,a,28,pun,m1,ohms,like,-0.961631853,-0.768492084
158,28,28,a,28,pun,m1,ohms,stay,-0.712045543,-0.916856701
159,28,28,a,28,pun,m1,ohms,current,0.58262646,-0.83483688
160,28,28,a,28,pun,m1,ohms,electrifying,0.982098768,-0.566891594
161,28,28,a,28,pun,m1,ohms,adventures,-0.756463027,0.709295912
162,28,28,a,28,pun,m1,ohms,sherlock,-0.558142296,1.716176025
163,29,29,a,29,pun,m1,kant,need,-0.768492084,-0.457669333
164,29,29,a,29,pun,m1,kant,philosophy,0.594760077,-0.236775461
165,29,29,a,29,pun,m1,kant,homework,-0.530654244,-0.346031903
166,29,29,a,29,pun,m1,kant,just,-0.747905517,-0.48257104
167,30,30,a,30,pun,m1,tamper,barista,-0.321494003,-0.695418569
168,30,30,a,30,pun,m1,tamper,not,-0.38436228,-0.883392341
169,30,30,a,30,pun,m1,tamper,allowed,-0.639302032,-0.675663486
170,30,30,a,30,pun,m1,tamper,make,-0.022103465,-0.513919625
171,30,30,a,30,pun,m1,tamper,espresso,-0.688232969,-1.010664532
172,30,30,a,30,pun,m1,tamper,lose,-0.42506412,0.744520944
173,31,31,a,31,pun,m1,latte,spend,-0.045615681,-0.281561419
174,31,31,a,31,pun,m1,latte,time,-0.947835339,1.200496854
175,31,31,a,31,pun,m1,latte,coffee,1.838535291,-0.164915081
176,31,31,a,31,pun,m1,latte,shop,0.099673274,0.147724513
177,31,31,a,31,pun,m1,latte,you'll,-1.033399543,-0.466902009
178,31,31,a,31,pun,m1,latte,work,-0.262727015,0.676276652
179,32,32,a,32,pun,m1,libel,write,0.253432196,-0.518143508
180,32,32,a,32,pun,m1,libel,bad,0.434544881,0.213244842
181,32,32,a,32,pun,m1,libel,things,-0.783779476,-0.674633301
182,32,32,a,32,pun,m1,libel,sue,1.702812138,1.03866012
183,33,33,a,33,pun,m1,tryst,novel,-0.740461126,0.713492747
184,33,33,a,33,pun,m1,tryst,unexpected,-0.384531457,1.62548606
185,33,33,a,33,pun,m1,tryst,secret,0.203059995,0.264869073
186,33,33,a,33,pun,m1,tryst,meeting,0.283346607,-0.713061639
187,33,33,a,33,pun,m1,tryst,lovers,1.09218497,-0.605937267
188,33,33,a,33,pun,m1,tryst,plot,-0.620082612,0.655905037
189,34,34,a,34,pun,m1,propane,inflammatory,0.524274451,0.537788401
190,34,34,a,34,pun,m1,propane,talk,-0.820549264,0.638659276
191,34,34,a,34,pun,m1,propane,seen,0.298342534,-0.431107244
192,34,34,a,34,pun,m1,propane,language,-0.975849504,0.813567976
193,35,35,a,35,pun,m1,leafing,john,-0.930865719,-0.732594277
194,35,35,a,35,pun,m1,leafing,plans,0.664976109,0.076967923
195,35,35,a,35,pun,m1,leafing,retire,-1.00566682,0.641089708
196,35,35,a,35,pun,m1,leafing,spring,0.557250604,-0.511549743
197,35,35,a,35,pun,m1,leafing,like,-0.660585383,0.082140175
198,35,35,a,35,pun,m1,leafing,trees,1.209997602,-0.476044827
199,36,36,a,36,pun,m1,yams,just,-0.768492084,-0.934888345
200,36,36,a,36,pun,m1,yams,time,-0.981517464,0.021541304
201,36,36,a,36,pun,m1,yams,thanksgiving,1.212957909,-0.425702503
202,36,36,a,36,pun,m1,yams,blockbuster,-0.820549264,-0.872240425
203,36,36,a,36,pun,m1,yams,movie,-0.711983357,-0.097078622
204,36,36,a,36,pun,m1,yams,sweet,0.677385511,0.053858171
205,36,36,a,36,pun,m1,yams,potatoes,1.353283713,-0.268920404
206,36,36,a,36,pun,m1,yams,called,-0.773975142,-0.629178616
207,36,36,a,36,pun,m1,yams,the,-0.554968549,-0.643381484
208,36,36,a,36,pun,m1,yams,silence,-0.93384429,0.490500931
209,37,37,a,37,pun,m1,tolkien,night,-0.421807519,-0.284385257
210,37,37,a,37,pun,m1,tolkien,kept,-0.910268591,-0.487771094
211,37,37,a,37,pun,m1,tolkien,dreaming,-0.13577103,-0.35620347
212,37,37,a,37,pun,m1,tolkien,written,0.446306691,0.657206796
213,37,37,a,37,pun,m1,tolkien,lord,1.160735078,-0.456126881
214,37,37,a,37,pun,m1,tolkien,rings,1.387542586,-0.938879858
215,37,37,a,37,pun,m1,tolkien,wife,-0.607085823,0.180393523
216,37,37,a,37,pun,m1,tolkien,said,-0.416466233,1.559672555
217,37,37,a,37,pun,m1,tolkien,i'd,-0.866508438,-0.768492084
218,37,37,a,37,pun,m1,tolkien,sleep,-0.659335913,-0.549401899
219,38,38,a,38,pun,m1,magnate,people,-0.431309807,-0.033286014
220,38,38,a,38,pun,m1,magnate,strongly,0.205205301,0.624197061
221,38,38,a,38,pun,m1,magnate,attracted,0.279602196,0.432189381
222,39,39,a,39,pun,m1,raven,people,-0.692477372,0.051942857
223,39,39,a,39,pun,m1,raven,think,-0.547426766,-0.366756378
224,39,39,a,39,pun,m1,raven,edgar,0.755989354,0.668814932
225,39,39,a,39,pun,m1,raven,allan,0.05910036,-0.860964863
226,39,39,a,39,pun,m1,raven,poe,1.347726463,-0.146664918
227,39,39,a,39,pun,m1,raven,madman,0.102235812,1.408360872
228,40,40,a,40,pun,m1,alkaline,battery,1.206701171,-0.792668572
229,40,40,a,40,pun,m1,alkaline,problem,-0.860713606,0.867494647
230,40,40,a,40,pun,m1,alkaline,went,-0.731474167,-0.800999628
231,40,40,a,40,pun,m1,alkaline,aa,1.043341239,1.622194218
232,40,40,a,40,pun,m1,alkaline,meetings,-1.072710013,0.198383999
233,41,41,a,41,pun,m1,shave,boss,-0.507400464,1.072828636
234,41,41,a,41,pun,m1,shave,not,-0.891280856,-0.47745673
235,41,41,a,41,pun,m1,shave,tolerate,-0.737205823,-0.613686324
236,41,41,a,41,pun,m1,shave,beards,0.734259357,0.288613041
237,41,41,a,41,pun,m1,shave,mustaches,1.325039479,-0.865224467
238,41,41,a,41,pun,m1,shave,real,-0.664275018,-0.3940021
239,41,41,a,41,pun,m1,shave,driver,-0.643777786,0.272936473
240,42,42,a,42,pun,m1,aiken,heart,-0.724771037,0.661308045
241,42,42,a,42,pun,m1,aiken,starts,-0.748234784,-0.643347041
242,42,42,a,42,pun,m1,aiken,clay,1.199433985,-0.415952447
243,42,42,a,42,pun,m1,aiken,sings,0.441021487,-0.710184521
244,43,43,a,43,pun,m1,irrigation,neighbor's,-0.730225151,-0.269612334
245,43,43,a,43,pun,m1,irrigation,sprinkler,1.742975516,-0.685323601
246,43,43,a,43,pun,m1,irrigation,constant,-0.510609373,0.187268811
247,44,44,a,44,pun,m1,auntie,uncles,1.798489909,-0.55978999
248,44,44,a,44,pun,m1,auntie,bet,-0.827928535,0.057568964
249,44,44,a,44,pun,m1,auntie,get,-1.015647941,-0.610300289
250,44,44,a,44,pun,m1,auntie,married,-0.203961453,-1.055707502
251,44,44,a,44,pun,m1,auntie,upped,-0.802963762,1.005601192
252,45,45,a,45,pun,m1,fuchsia,new,-0.870415876,0.425859064
253,45,45,a,45,pun,m1,fuchsia,years,-0.950474383,0.794137854
254,45,45,a,45,pun,m1,fuchsia,resolution,-0.686168064,0.401406128
255,45,45,a,45,pun,m1,fuchsia,bankrupt,-0.980582098,0.111994684
256,45,45,a,45,pun,m1,fuchsia,gardener,-0.025247262,-0.594976527
257,45,45,a,45,pun,m1,fuchsia,forget,-0.843243559,-0.184145143
258,45,45,a,45,pun,m1,fuchsia,past,-1.001058143,1.353347814
259,45,45,a,45,pun,m1,fuchsia,rely,-0.768492084,-0.828824356
260,46,46,a,46,pun,m1,till,organic,-0.061528485,-0.622130709
261,46,46,a,46,pun,m1,till,farms,1.384527455,-0.928333605
262,46,46,a,46,pun,m1,till,like,-0.785873486,-0.154158423
263,47,47,a,47,pun,m1,house,real,-0.688196007,-0.617130283
264,47,47,a,47,pun,m1,house,estate,1.351042085,-1.028844296
265,47,47,a,47,pun,m1,house,agent,-0.031082829,-0.768492084
266,47,47,a,47,pun,m1,house,said,-0.757080802,-0.888097097
267,47,47,a,47,pun,m1,house,going,-0.330278008,0.279061587
268,48,48,a,48,pun,m1,eire,people,-0.552208408,-0.080619354
269,48,48,a,48,pun,m1,eire,happy,-0.676615169,-0.337994211
270,48,48,a,48,pun,m1,eire,time,-0.736867675,-0.512384139
271,48,48,a,48,pun,m1,eire,vacationing,-0.58497285,-0.773259387
272,48,48,a,48,pun,m1,eire,ireland,0.259286594,-0.805463266
273,48,48,a,48,pun,m1,eire,walking,-0.761443572,-0.564388988
274,49,49,a,49,pun,m1,alp,people,-0.708886898,0.408733728
275,49,49,a,49,pun,m1,alp,switzerland,1.454584429,-0.725940798
276,49,49,a,49,pun,m1,alp,learn,-0.89684315,0.503757112
277,49,49,a,49,pun,m1,alp,ski,1.272672278,-0.475677545
278,49,49,a,49,pun,m1,alp,lot,-0.581380651,-0.472152614
279,50,50,a,50,pun,m1,garden,scarecrows,1.197760582,0.752424307
280,50,50,a,50,pun,m1,garden,patch,1.110548584,-0.566140103
281,51,51,a,51,pun,m1,bean,selling,-0.652661735,0.582549294
282,51,51,a,51,pun,m1,bean,coffee,1.660317803,-0.584549235
283,51,51,a,51,pun,m1,bean,perks,-0.508400531,-0.723754513
284,51,51,a,51,pun,m1,bean,those,-0.889691066,-0.506007447
285,51,51,a,51,pun,m1,bean,lucky,-0.629772767,-0.132889355
286,52,52,a,52,pun,m1,odor,sign,-0.476426771,0.453981087
287,52,52,a,52,pun,m1,odor,broken,-0.64930939,-0.365706615
288,52,52,a,52,pun,m1,odor,perfume,1.349460204,-0.468285923
289,52,52,a,52,pun,m1,odor,bottle,-0.175423027,-0.531042077
290,52,52,a,52,pun,m1,odor,out,-0.541483176,-0.051627798
291,53,53,a,53,pun,m1,watt,sign,-0.505795287,-0.116709271
292,53,53,a,53,pun,m1,watt,please,-0.967609746,-0.889900822
293,53,53,a,53,pun,m1,watt,turn,-0.843243559,-0.19418994
294,53,53,a,53,pun,m1,watt,out,-0.658818661,-0.472757556
295,53,53,a,53,pun,m1,watt,lights,1.688947785,-0.509280299
296,53,53,a,53,pun,m1,watt,thanks,-1.005784866,0.665598477
297,54,54,a,54,pun,m1,pest,children,0.019929402,-0.453331164
298,54,54,a,54,pun,m1,pest,behavior,-0.451721813,0.748248245
299,55,55,a,55,pun,m1,crank,people,-0.275070284,-0.661190249
300,55,55,a,55,pun,m1,crank,get,-0.945886353,-0.734582003
301,55,55,a,55,pun,m1,crank,up,-0.027226409,-0.313578599
302,55,55,a,55,pun,m1,crank,work,0.065639743,-0.362394119
303,55,55,a,55,pun,m1,crank,dawn,-0.920411633,0.572512878
304,56,56,a,56,pun,m1,leg,planes,-0.935994935,0.158193106
305,56,56,a,56,pun,m1,leg,cramped,0.978330987,-0.466712467
306,56,56,a,56,pun,m1,leg,passengers,-0.387229821,-0.1539718
307,56,56,a,56,pun,m1,leg,suffer,-0.641826049,0.083408856
308,56,56,a,56,pun,m1,leg,jet,-0.888097097,1.718372676
309,57,57,a,57,pun,m1,decade,ten,1.564333095,-0.838154715
310,57,57,a,57,pun,m1,decade,years,1.547106667,0.713324245
311,57,57,a,57,pun,m1,decade,brushing,0.002236756,0.685656189
312,57,57,a,57,pun,m1,decade,causes,-0.866769811,-0.106843409
313,57,57,a,57,pun,m1,decade,horrible,-0.600309607,0.311556838
314,57,57,a,57,pun,m1,decade,tooth,-0.472012752,1.114234322
315,58,58,a,58,pun,m1,dramatic,actor,1.169871747,-0.475196786
316,58,58,a,58,pun,m1,dramatic,quite,-0.13541323,-0.294495253
317,58,58,a,58,pun,m1,dramatic,right,-0.560396783,1.042524858
318,58,58,a,58,pun,m1,dramatic,retired,-0.868380626,-0.502520343
319,58,58,a,58,pun,m1,dramatic,post,-0.235556432,0.434364099
320,58,58,a,58,pun,m1,dramatic,stress,0.265772995,1.030537233
321,58,58,a,58,pun,m1,dramatic,disorder,0.02321138,0.826936307
322,59,59,a,59,pun,m1,grammatic,english,1.488062983,-0.909985073
323,59,59,a,59,pun,m1,grammatic,teacher,1.192226318,-0.791296213
324,59,59,a,59,pun,m1,grammatic,felt,-0.921998765,0.260183849
325,59,59,a,59,pun,m1,grammatic,odd,-0.638117648,-0.343554782
326,59,59,a,59,pun,m1,grammatic,being,-0.376811204,-0.454650381
327,59,59,a,59,pun,m1,grammatic,fired,-0.998823601,0.747917522
328,59,59,a,59,pun,m1,grammatic,post,-0.075704436,0.252779589
329,59,59,a,59,pun,m1,grammatic,stress,-0.708221773,0.816966059
330,59,59,a,59,pun,m1,grammatic,disorder,-0.789315839,0.901872606
331,60,60,a,60,pun,m1,hosta,garden,0.719701453,-0.684136703
332,60,60,a,60,pun,m1,hosta,club,-0.318740743,-0.319810105
333,60,60,a,60,pun,m1,hosta,visited,-0.606117901,-0.802854167
334,60,60,a,60,pun,m1,hosta,nursery,0.141802844,-1.073214091
335,60,60,a,60,pun,m1,hosta,found,-0.526758118,-0.499352325
336,60,60,a,60,pun,m1,hosta,environment,-0.603326871,0.365676139
337,61,61,a,61,pun,m1,dublin,irish,1.581972636,-0.55077486
338,61,61,a,61,pun,m1,dublin,rich,0.750602733,-0.428540969
339,61,61,a,61,pun,m1,dublin,capital,0.858460003,0.240717333
340,62,62,a,62,pun,m1,prism,optical,0.862760376,-0.785873486
341,62,62,a,62,pun,m1,prism,scientist,0.296114396,-0.513467826
342,62,62,a,62,pun,m1,prism,stole,-0.79161182,0.808077941
343,62,62,a,62,pun,m1,prism,colleague's,-0.768492084,-0.766698457
344,62,62,a,62,pun,m1,prism,bifocals,0.156082969,-0.073276141
345,62,62,a,62,pun,m1,prism,sentenced,-1.030829313,1.168777351
346,62,62,a,62,pun,m1,prism,three,-0.24627984,-0.901873649
347,62,62,a,62,pun,m1,prism,years,-0.203757048,1.082541942
348,62,62,a,62,pun,m1,prism,state,-0.743323488,0.585852523
349,63,63,a,63,pun,m1,fridge,plumber,-0.091764356,-0.768492084
350,63,63,a,63,pun,m1,fridge,explained,-0.735554156,-0.624420972
351,63,63,a,63,pun,m1,fridge,problem,-0.642296772,-0.095965802
352,63,63,a,63,pun,m1,fridge,kitchen,1.480104337,-0.604859562
353,63,63,a,63,pun,m1,fridge,just,-0.808410373,-0.58529731
354,63,63,a,63,pun,m1,fridge,water,0.434760611,1.20972442
355,63,63,a,63,pun,m1,fridge,under,-0.524355,0.461293395
356,64,64,a,64,pun,m1,thief,robber,1.490306763,-0.232999264
357,64,64,a,64,pun,m1,thief,baron,-0.162000844,0.33945814
358,64,64,a,64,pun,m1,thief,commander,-0.436090311,1.282435225
359,65,65,a,65,pun,m1,revolution,satellite,-0.589581762,-0.169813127
360,65,65,a,65,pun,m1,revolution,went,-0.718832382,-0.556542663
361,65,65,a,65,pun,m1,revolution,orbit,0.587169324,-0.674633301
362,65,65,a,65,pun,m1,revolution,january,-0.629788658,0.391177113
363,65,65,a,65,pun,m1,revolution,1st,-0.014723459,0.162847061
364,65,65,a,65,pun,m1,revolution,causing,0.312314307,-0.005369105
365,65,65,a,65,pun,m1,revolution,new,0.901104107,-0.07632358
366,65,65,a,65,pun,m1,revolution,year's,0.90086442,0.890641509
367,66,66,a,66,pun,m1,plants,twin,-0.38589311,-0.678366917
368,66,66,a,66,pun,m1,plants,girls,-0.694945616,-0.292359923
369,66,66,a,66,pun,m1,plants,rented,-0.735411976,-0.776725227
370,66,66,a,66,pun,m1,plants,flora,1.641977958,-0.574013214
371,66,66,a,66,pun,m1,plants,offices,0.339348001,-0.400514965
372,66,66,a,66,pun,m1,plants,called,-0.853982066,-0.917305489
373,66,66,a,66,pun,m1,plants,business,-0.339603311,0.014473553
374,66,66,a,66,pun,m1,plants,sisterhood,-0.773159051,0.092858957
375,66,66,a,66,pun,m1,plants,traveling,-1.035775607,0.251272811
376,67,67,a,67,pun,m1,incisor,dentist,1.408438937,-0.769278744
377,67,67,a,67,pun,m1,incisor,convicted,-0.777888144,1.153653783
378,67,67,a,67,pun,m1,incisor,trading,-0.908562066,0.635210148
379,68,68,a,68,pun,m1,mimes,quietest,1.238651008,-0.398265241
380,68,68,a,68,pun,m1,mimes,burglars,-0.860241149,-0.164260357
381,68,68,a,68,pun,m1,mimes,history,-0.77714194,-0.090787765
382,68,68,a,68,pun,m1,mimes,new,-0.751096084,-0.773609685
383,68,68,a,68,pun,m1,mimes,york,-0.556025932,-0.847554516
384,68,68,a,68,pun,m1,mimes,city,-0.55700229,-0.491339155
385,68,68,a,68,pun,m1,mimes,newspapers,-0.902058306,-0.104841691
386,68,68,a,68,pun,m1,mimes,called,-0.316985196,-0.645971166
387,68,68,a,68,pun,m1,mimes,criminal,-0.881673721,0.8967753
388,69,69,a,69,pun,m1,glittering,tinker,-0.189314298,-0.769278744
389,69,69,a,69,pun,m1,glittering,bell,-0.440564951,-0.687052082
390,69,69,a,69,pun,m1,glittering,arrested,-1.094565172,0.372458385
391,69,69,a,69,pun,m1,glittering,being,-0.737205823,-0.811913462
392,69,69,a,69,pun,m1,glittering,suspiciously,-0.250587203,-0.614673537
393,69,69,a,69,pun,m1,glittering,high,-0.6379605,-0.686208141
394,69,69,a,69,pun,m1,glittering,end,-0.708886898,-0.76231163
395,69,69,a,69,pun,m1,glittering,only,-0.682024193,-0.791296213
396,69,69,a,69,pun,m1,glittering,fined,-0.932223603,0.78383159
397,70,70,a,70,pun,m1,altitude,become,-0.929679135,-0.442911135
398,70,70,a,70,pun,m1,altitude,pilot,1.791182413,-0.149998759
399,70,70,a,70,pun,m1,altitude,requires,-0.558837016,-0.386097938
400,70,70,a,70,pun,m1,altitude,good,-0.293776516,0.893129765
401,71,71,a,71,pun,m1,presence,christmas,-0.049557714,1.637799199
402,71,71,a,71,pun,m1,presence,people's,-0.0751085,-0.346341863
403,72,72,a,72,pun,m1,necks,vampires,1.378436923,-1.00930888
404,72,72,a,72,pun,m1,necks,looking,-0.338658039,0.134282838
405,72,72,a,72,pun,m1,necks,victim,-0.193476629,-0.127997301
406,73,73,a,73,pun,m1,digestion,villain,-0.855225043,0.988480057
407,73,73,a,73,pun,m1,digestion,call,0.093892454,-0.586608055
408,73,73,a,73,pun,m1,digestion,silverware,0.138388152,-1.039672234
409,73,73,a,73,pun,m1,digestion,weapons,-0.932214604,1.774042894
410,73,73,a,73,pun,m1,digestion,mass,-0.578788033,0.766814076
411,74,74,a,74,pun,m1,ream,brand,-0.883793725,-0.345707956
412,74,74,a,74,pun,m1,ream,name,-1.040211454,-0.855225043
413,74,74,a,74,pun,m1,ream,highest,-0.661081037,-0.504438568
414,74,74,a,74,pun,m1,ream,quality,-0.257446601,-0.12479741
415,74,74,a,74,pun,m1,ream,copy,0.412031456,-0.902797355
416,74,74,a,74,pun,m1,ream,paper,0.479931977,-0.805463266
417,74,74,a,74,pun,m1,ream,money,-0.403558994,-0.733643118
418,74,74,a,74,pun,m1,ream,buy,-0.593921746,-0.540992522
419,74,74,a,74,pun,m1,ream,crop,-0.355341607,0.332406402
420,75,75,a,75,pun,m1,seize,get,1.359117125,0.088392161
421,76,76,a,76,pun,m1,author,made,-0.044555276,0.330747771
422,76,76,a,76,pun,m1,author,mario,-0.445062983,-0.58300583
423,76,76,a,76,pun,m1,author,puzo's,-0.286843603,-0.943495525
424,76,76,a,76,pun,m1,author,books,1.509589183,-0.209364427
425,76,76,a,76,pun,m1,author,required,-0.66068669,-0.500990712
426,76,76,a,76,pun,m1,author,reading,1.536248836,-0.409127505
427,76,76,a,76,pun,m1,author,class,-0.399710837,-0.296974995
428,76,76,a,76,pun,m1,author,made,-0.35643224,-0.256753604
429,76,76,a,76,pun,m1,author,refuse,-0.895111923,0.703035782
430,77,77,a,77,pun,m1,source,crop,0.560526118,-0.733116391
431,77,77,a,77,pun,m1,source,destroyed,-0.679780332,-0.589229771
432,77,77,a,77,pun,m1,source,cranberry,-0.886871738,1.288888135
433,78,78,a,78,pun,m1,paste,use,-0.126965987,-0.227360321
434,78,78,a,78,pun,m1,paste,glue,0.470554486,-0.362910996
435,78,78,a,78,pun,m1,paste,class,-0.227585055,-0.619277644
436,78,78,a,78,pun,m1,paste,careful,-0.800039275,-0.370146896
437,79,79,a,79,pun,m1,espresso,why,-0.756463027,-0.56068931
438,79,79,a,79,pun,m1,espresso,italians,0.971203413,-0.560644721
439,79,79,a,79,pun,m1,espresso,good,0.360923675,-0.604759049
440,79,79,a,79,pun,m1,espresso,making,-0.345588794,-0.291104455
441,79,79,a,79,pun,m1,espresso,coffee,1.41195608,0.393883288
442,79,79,a,79,pun,m1,espresso,really,-0.650929998,-0.119510849
443,79,79,a,79,pun,m1,espresso,know,-0.553771418,0.152758547
444,80,80,a,80,pun,m1,scents,women,0.233857742,-0.057864985
445,80,80,a,80,pun,m1,scents,wear,0.268609685,-0.705919562
446,80,80,a,80,pun,m1,scents,"$20,000 ",-0.773975142,-0.438374708
447,80,80,a,80,pun,m1,scents,perfume,1.363457409,0.740798005
448,80,80,a,80,pun,m1,scents,obviously,-0.806755632,0.328876648
449,80,80,a,80,pun,m1,scents,known,-0.530077167,1.382406289
450,80,80,a,80,pun,m1,scents,common,-0.46239573,0.94058882
901,161,161,a,1,nonpun,m1,lion,owner,-0.571221341,0.590250272
902,161,161,a,1,nonpun,m1,lion,takes,-0.731474167,2.140015578
903,161,161,a,1,nonpun,m1,lion,lion's,1.334633127,0.813923135
904,161,161,a,1,nonpun,m1,lion,share,-0.293792505,0.499132115
905,161,161,a,1,nonpun,m1,lion,profits,-0.791296213,0.052052354
906,161,161,a,1,nonpun,m1,lion,company,-0.477835514,1.615834465
907,162,162,a,2,nonpun,m1,tooth,dentist,1.92939781,-0.115504444
908,162,162,a,2,nonpun,m1,tooth,examines,0.166825383,1.329249999
909,162,162,a,2,nonpun,m1,tooth,time,-0.827011327,-0.388304926
910,163,163,a,3,nonpun,m1,cilia,hairlike,0.870742393,0.666319598
911,163,163,a,3,nonpun,m1,cilia,projections,0.510829971,-0.594481077
912,163,163,a,3,nonpun,m1,cilia,surface,-0.600363913,-0.690380914
913,163,163,a,3,nonpun,m1,cilia,cells,0.158261651,-0.270003413
914,164,164,a,4,nonpun,m1,heir,prince,0.398963786,0.604104081
915,164,164,a,4,nonpun,m1,heir,william,-0.017099358,-0.650275049
916,164,164,a,4,nonpun,m1,heir,british,0.577595328,-0.331357205
917,164,164,a,4,nonpun,m1,heir,throne,1.660920335,0.15253961
918,165,165,a,5,nonpun,m1,clothing,food,-0.182113649,-0.350864355
919,165,165,a,5,nonpun,m1,clothing,basic,-0.094297654,-0.402797522
920,165,165,a,5,nonpun,m1,clothing,necessities,0.567197155,-0.613538942
921,166,166,a,6,nonpun,m1,ambiance,hotel,0.249315132,-0.197758866
922,166,166,a,6,nonpun,m1,ambiance,warmth,0.826695478,-0.22732948
923,166,166,a,6,nonpun,m1,ambiance,charm,1.886758201,-0.709936475
924,167,167,a,7,nonpun,m1,perches,pigeons,1.02822175,-0.520899483
925,167,167,a,7,nonpun,m1,perches,use,-0.38484364,-0.513068551
926,167,167,a,7,nonpun,m1,perches,sunny,0.25021405,-0.46684043
927,167,167,a,7,nonpun,m1,perches,sides,-0.09162949,-0.566406858
928,167,167,a,7,nonpun,m1,perches,roofs,0.566138544,-0.613538942
929,168,168,a,8,nonpun,m1,reword,mayor,-0.573199986,0.356943151
930,168,168,a,8,nonpun,m1,reword,reworded,1.743233892,-0.547767069
931,168,168,a,8,nonpun,m1,reword,speech,0.584501443,-0.283677554
932,168,168,a,8,nonpun,m1,reword,advisors,-0.429064775,0.106717557
933,168,168,a,8,nonpun,m1,reword,told,0.056539183,0.572020505
934,169,169,a,9,nonpun,m1,math,exam,1.639103598,-0.272153209
935,169,169,a,9,nonpun,m1,math,school,1.023339121,-0.480627483
936,170,170,a,10,nonpun,m1,stealer,hearts,-0.14781316,0.038120318
937,171,171,a,11,nonpun,m1,wicker,chair,1.260660602,-0.198142563
938,171,171,a,11,nonpun,m1,wicker,made,-0.131772553,-0.314213502
939,172,172,a,12,nonpun,m1,spatial,good,-0.678910642,1.286348687
940,172,172,a,12,nonpun,m1,spatial,skills,0.120220326,1.640560498
941,172,172,a,12,nonpun,m1,spatial,knows,-0.492701478,-0.156660139
942,172,172,a,12,nonpun,m1,spatial,build,0.295884738,-0.416892218
943,172,172,a,12,nonpun,m1,spatial,house,0.368401744,0.208673672
944,172,172,a,12,nonpun,m1,spatial,plans,0.26106787,-0.445998466
945,172,172,a,12,nonpun,m1,spatial,paper,-0.801287285,-0.237063241
946,173,173,a,13,nonpun,m1,whirled,dancers,0.703518292,-0.501971202
947,173,173,a,13,nonpun,m1,whirled,stage,0.217770156,0.392031489
948,174,174,a,14,nonpun,m1,caesars,owner,-0.316262417,-0.51539508
949,174,174,a,14,nonpun,m1,caesars,behaves,-0.658463959,-0.125586623
950,174,174,a,14,nonpun,m1,caesars,like,-0.65762522,-0.234096966
951,174,174,a,14,nonpun,m1,caesars,caesar,0.922265471,-0.041330832
952,174,174,a,14,nonpun,m1,caesars,employees,-0.358285341,0.708169641
953,175,175,a,15,nonpun,m1,launch,space,1.238600321,-0.512879257
954,175,175,a,15,nonpun,m1,launch,took,-0.28830687,-0.50127434
955,175,175,a,15,nonpun,m1,launch,place,-0.377863696,0.37625113
956,175,175,a,15,nonpun,m1,launch,morning,-0.536185487,-0.278019625
957,176,176,a,16,nonpun,m1,bloom,apple,0.481062549,-0.294832558
958,176,176,a,16,nonpun,m1,bloom,tree,1.512972857,-0.115634231
959,176,176,a,16,nonpun,m1,bloom,week ,-0.029711948,-0.544280841
960,177,177,a,17,nonpun,m1,flea,dog,1.261754742,0.446357525
961,177,177,a,17,nonpun,m1,flea,fleas,1.665634019,-0.750093092
962,178,178,a,18,nonpun,m1,fillings,dentist,1.319173899,0.611846549
963,178,178,a,18,nonpun,m1,fillings,replaced,0.570798739,0.106002305
964,178,178,a,18,nonpun,m1,fillings,lost ,-0.687580615,0.70021844
965,179,179,a,19,nonpun,m1,salivation,dog's,0.111527616,-0.528703386
966,179,179,a,19,nonpun,m1,salivation,carpet,-0.944135686,-0.501635297
967,180,180,a,20,nonpun,m1,orifice,mouth,1.808173017,-0.651667224
968,181,181,a,21,nonpun,m1,braille,reads,1.246090659,-0.613538942
969,181,181,a,21,nonpun,m1,braille,fingertips,1.332785624,-0.750244648
970,182,182,a,22,nonpun,m1,sperm,decided,-0.855225043,0.071915195
971,182,182,a,22,nonpun,m1,sperm,donate,0.836964216,-0.025278163
972,183,183,a,23,nonpun,m1,grime,city's,-0.224850358,1.082500409
973,183,183,a,23,nonpun,m1,grime,buildings,-0.241545749,0.451493259
974,183,183,a,23,nonpun,m1,grime,covered,0.156622438,-0.513757338
975,184,184,a,24,nonpun,m1,epoch,end,0.244053589,-0.473904065
976,184,184,a,24,nonpun,m1,epoch,nuclear,-0.195878405,-0.690380914
977,184,184,a,24,nonpun,m1,epoch,arms,-0.50640718,-0.298632549
978,184,184,a,24,nonpun,m1,epoch,race,-0.530320607,0.327046687
979,184,184,a,24,nonpun,m1,epoch,began,-0.05736573,-0.367630859
980,184,184,a,24,nonpun,m1,epoch,new,0.317292379,-0.352129364
981,184,184,a,24,nonpun,m1,epoch,peace,-0.236416976,0.38015552
982,184,184,a,24,nonpun,m1,epoch,cooperation,-0.845235875,-0.612533504
983,185,185,a,25,nonpun,m1,bonus,company,1.75208125,-0.519679999
984,185,185,a,25,nonpun,m1,bonus,pays,1.279764163,-0.690380914
985,185,185,a,25,nonpun,m1,bonus,end,-0.413120998,0.01834433
986,185,185,a,25,nonpun,m1,bonus,year,0.358923073,-0.681714376
987,186,186,a,26,nonpun,m1,hobbit,favorite,-0.544539635,0.934098334
988,186,186,a,26,nonpun,m1,hobbit,creatures,1.163299659,0.917310709
989,186,186,a,26,nonpun,m1,hobbit,lord,0.531293682,-0.793695707
990,186,186,a,26,nonpun,m1,hobbit,rings,1.04886537,-0.133639154
991,186,186,a,26,nonpun,m1,hobbit,hobbits,1.999581894,-0.493291301
992,187,187,a,27,nonpun,m1,screaming,started,-0.610931163,-0.14056131
993,187,187,a,27,nonpun,m1,screaming,man,-0.374523875,-0.19217154
994,187,187,a,27,nonpun,m1,screaming,pulled,-0.220343268,-0.627592617
995,187,187,a,27,nonpun,m1,screaming,out,-0.519620103,-0.313319244
996,187,187,a,27,nonpun,m1,screaming,knife,0.034827868,-0.486327194
997,188,188,a,28,nonpun,m1,ohms,used,-0.684079055,-0.378515033
998,188,188,a,28,nonpun,m1,ohms,measure,0.540310852,-0.612533504
999,188,188,a,28,nonpun,m1,ohms,electrical,0.80684939,-0.001933297
1000,188,188,a,28,nonpun,m1,ohms,resistance,1.001397036,-0.099095031
1001,189,189,a,29,nonpun,m1,kant,german,-0.277682647,-0.646410038
1002,189,189,a,29,nonpun,m1,kant,philosopher,0.978543546,-0.571464113
1003,190,190,a,30,nonpun,m1,tamper,barista,0.618823447,-0.599540333
1004,190,190,a,30,nonpun,m1,tamper,used,0.116950822,-0.139670716
1005,190,190,a,30,nonpun,m1,tamper,press,0.063267887,-0.71128588
1006,190,190,a,30,nonpun,m1,tamper,coffee,-0.889900822,-0.612533504
1007,191,191,a,31,nonpun,m1,latte,like,-0.795034894,-0.278767789
1008,191,191,a,31,nonpun,m1,latte,morning,0.476275351,0.681240549
1009,191,191,a,31,nonpun,m1,latte,wake,-0.229040106,0.622578142
1010,191,191,a,31,nonpun,m1,latte,up,-0.229321224,0.024435691
1011,192,192,a,32,nonpun,m1,libel,tabloid,0.429058776,0.095544243
1012,192,192,a,32,nonpun,m1,libel,newspaper,0.456105477,0.750701783
1013,192,192,a,32,nonpun,m1,libel,libeled,1.751844849,-0.100900605
1014,192,192,a,32,nonpun,m1,libel,movie,-0.542814943,-0.27377728
1015,192,192,a,32,nonpun,m1,libel,star,-0.768492084,-0.494395561
1016,193,193,a,33,nonpun,m1,tryst,lovers,0.605479633,0.427677778
1017,193,193,a,33,nonpun,m1,tryst,go,-0.898132463,-0.262617908
1018,193,193,a,33,nonpun,m1,tryst,away,-0.025564184,0.385784773
1019,193,193,a,33,nonpun,m1,tryst,country,-0.165674745,-0.070830033
1020,193,193,a,33,nonpun,m1,tryst,weekend,-0.127981648,-0.691073706
1021,193,193,a,33,nonpun,m1,tryst,trysts,1.313314745,0.355654306
1022,194,194,a,34,nonpun,m1,propane,burns,1.104002332,-0.020322317
1023,194,194,a,34,nonpun,m1,propane,gas,1.5126071,-0.496182557
1024,194,194,a,34,nonpun,m1,propane,stove,1.168493121,-0.690380914
1025,195,195,a,35,nonpun,m1,leafing,saw,-0.712532729,-0.077518976
1026,195,195,a,35,nonpun,m1,leafing,pages,0.39021816,0.331295802
1027,195,195,a,35,nonpun,m1,leafing,old,-0.49577673,0.006825773
1028,195,195,a,35,nonpun,m1,leafing,book,0.32981752,-0.475260723
1029,196,196,a,36,nonpun,m1,yams,people,-0.951877244,-0.122050497
1030,196,196,a,36,nonpun,m1,yams,eat,1.35087508,-0.567388288
1031,196,196,a,36,nonpun,m1,yams,turkey,1.082942491,-0.246885477
1032,197,197,a,37,nonpun,m1,tolkien,wrote,0.481923522,1.094981625
1033,197,197,a,37,nonpun,m1,tolkien,lord,0.584542487,-0.066337174
1034,197,197,a,37,nonpun,m1,tolkien,rings,0.774413856,-0.572203202
1035,198,198,a,38,nonpun,m1,magnate,coal,-0.402449802,-0.576033542
1036,198,198,a,38,nonpun,m1,magnate,iron,0.162262394,1.616275387
1037,198,198,a,38,nonpun,m1,magnate,australia,-0.686321458,0.093621331
1038,199,199,a,39,nonpun,m1,raven,large,-0.468648589,-0.265270062
1039,199,199,a,39,nonpun,m1,raven,black,1.567140312,0.921090629
1040,199,199,a,39,nonpun,m1,raven,bird,1.491272841,-0.257343918
1041,200,200,a,40,nonpun,m1,alkaline,tried,-0.947170316,0.363600633
1042,200,200,a,40,nonpun,m1,alkaline,out,-0.647170371,-0.413577822
1043,200,200,a,40,nonpun,m1,alkaline,diet,-0.121673063,-0.214011799
1044,200,200,a,40,nonpun,m1,alkaline,maintain,-0.791409523,0.302761876
1045,200,200,a,40,nonpun,m1,alkaline,body's,-0.523803515,-0.796668299
1046,200,200,a,40,nonpun,m1,alkaline,ideal,-0.18242977,0.708128492
1047,200,200,a,40,nonpun,m1,alkaline,ph,0.898290847,-0.242986586
1048,200,200,a,40,nonpun,m1,alkaline,balance,-0.301650519,-0.217403282
1049,201,201,a,41,nonpun,m1,shave,beard,1.805834566,-0.401604384
1050,201,201,a,41,nonpun,m1,shave,growing,0.492980687,-0.165711126
1051,201,201,a,41,nonpun,m1,shave,long,-0.45407888,-0.130382294
1052,201,201,a,41,nonpun,m1,shave,need,-0.573669302,0.02248283
1053,202,202,a,42,nonpun,m1,aiken,clay,1.941948899,0.305262777
1054,202,202,a,42,nonpun,m1,aiken,rose,-0.777525303,-0.364415769
1055,202,202,a,42,nonpun,m1,aiken,fame,0.019961864,0.824739657
1056,202,202,a,42,nonpun,m1,aiken,won,-0.72466085,0.003370139
1057,202,202,a,42,nonpun,m1,aiken,american,-0.200093116,-0.431451521
1058,202,202,a,42,nonpun,m1,aiken,idol,1.832087736,-0.321293937
1059,203,203,a,43,nonpun,m1,irrigation,irrigation is,0.679268578,-0.640554995
1060,203,203,a,43,nonpun,m1,irrigation,artificial,-0.170059923,0.026827141
1061,203,203,a,43,nonpun,m1,irrigation,application,-0.604822734,-0.674607524
1062,203,203,a,43,nonpun,m1,irrigation,water,1.584067474,-0.430288289
1063,203,203,a,43,nonpun,m1,irrigation,land,1.055636282,-0.350674018
1064,203,203,a,43,nonpun,m1,irrigation,soil,0.762328577,0.238527633
1065,204,204,a,44,nonpun,m1,auntie,betty,-0.399978025,-0.576156657
1066,204,204,a,44,nonpun,m1,auntie,mother's,0.949529095,-0.608214201
1067,204,204,a,44,nonpun,m1,auntie,sister,1.283035329,-0.002926078
1068,205,205,a,45,nonpun,m1,fuchsia,favorite,-0.550594986,-0.278574592
1069,205,205,a,45,nonpun,m1,fuchsia,flower,0.567243596,0.032387965
1070,206,206,a,46,nonpun,m1,till,farmers,1.409677829,-0.40063171
1071,206,206,a,46,nonpun,m1,till,soil,0.990634418,-0.612008511
1072,206,206,a,46,nonpun,m1,till,springtime ,-0.134889206,-0.613538942
1073,207,207,a,47,nonpun,m1,house,located,0.422314517,-0.156888634
1074,207,207,a,47,nonpun,m1,house,corner,0.117721156,-0.681714376
1075,208,208,a,48,nonpun,m1,eire,former,-0.63532711,-0.310945004
1076,208,208,a,48,nonpun,m1,eire,name,-0.3303745,-0.65397504
1077,208,208,a,48,nonpun,m1,eire,republic,-0.313689975,-0.153653534
1078,208,208,a,48,nonpun,m1,eire,ireland,0.602614438,-0.536183252
1079,209,209,a,49,nonpun,m1,alp,very,-0.728015681,-0.650383036
1080,209,209,a,49,nonpun,m1,alp,high,0.678602179,-0.087557008
1081,209,209,a,49,nonpun,m1,alp,mountain,1.436632347,-0.086207403
1082,210,210,a,50,nonpun,m1,garden,small,0.590508459,-0.681714376
1083,210,210,a,50,nonpun,m1,garden,flower,1.39184861,-0.7695979
1084,210,210,a,50,nonpun,m1,garden,house ,0.547336353,0.384515963
1085,211,211,a,51,nonpun,m1,bean,like,-0.826129399,-0.522595532
1086,211,211,a,51,nonpun,m1,bean,eat,0.932003108,-0.356586326
1087,211,211,a,51,nonpun,m1,bean,lima,1.754390007,-0.074299171
1088,211,211,a,51,nonpun,m1,bean,beans,1.219421228,-0.623802375
1089,211,211,a,51,nonpun,m1,bean,black,0.657123907,-0.646561594
1090,211,211,a,51,nonpun,m1,bean,beans,1.92272555,-0.623802375
1091,212,212,a,52,nonpun,m1,odor,old,-0.167753425,-0.456710691
1092,212,212,a,52,nonpun,m1,odor,fish,0.810581643,0.033950395
1093,212,212,a,52,nonpun,m1,odor,filled,-0.318160949,-0.149324838
1094,212,212,a,52,nonpun,m1,odor,air,1.407653751,-0.530520006
1095,213,213,a,53,nonpun,m1,watt,desk,-1.020195935,-0.460436798
1096,213,213,a,53,nonpun,m1,watt,lamp,1.245054572,-0.009864837
1097,213,213,a,53,nonpun,m1,watt,uses,-0.369936721,0.073232203
1098,213,213,a,53,nonpun,m1,watt,60-watt,1.711404572,-0.617598116
1099,213,213,a,53,nonpun,m1,watt,light,1.81968929,-0.470497428
1100,213,213,a,53,nonpun,m1,watt,bulb,1.260571326,-0.388497016
1101,214,214,a,54,nonpun,m1,pest,rats,1.265903212,1.546366994
1102,214,214,a,54,nonpun,m1,pest,mice,1.503664237,-0.472750589
1103,214,214,a,54,nonpun,m1,pest,flies,1.279505268,-0.452526194
1104,214,214,a,54,nonpun,m1,pest,regarded,-0.649403424,1.155907971
1105,214,214,a,54,nonpun,m1,pest,pests,1.665634019,-0.507963891
1106,215,215,a,55,nonpun,m1,crank,morning,-0.3763379,-0.534714026
1107,216,216,a,56,nonpun,m1,leg,runners,1.123764341,0.227586259
1108,216,216,a,56,nonpun,m1,leg,need,-0.625262682,-0.36376748
1109,216,216,a,56,nonpun,m1,leg,strong,0.189851663,-0.524450561
1110,216,216,a,56,nonpun,m1,leg,legs,1.810507014,-0.583648795
1111,217,217,a,57,nonpun,m1,decade,pretty,-0.768492084,-0.592206059
1112,217,217,a,57,nonpun,m1,decade,long,0.853053477,0.358679188
1113,217,217,a,57,nonpun,m1,decade,time,1.405860457,1.455128101
1114,218,218,a,58,nonpun,m1,dramatic,written,0.549493837,0.271840317
1115,218,218,a,58,nonpun,m1,dramatic,works,1.440691293,-0.542854477
1116,218,218,a,58,nonpun,m1,dramatic,stage ,0.30772287,-0.203194746
1117,219,219,a,59,nonpun,m1,grammatic,sentence,1.190501976,-0.44845217
1118,219,219,a,59,nonpun,m1,grammatic,unusual,0.806955409,-0.162721119
1119,219,219,a,59,nonpun,m1,grammatic,structure,0.857512537,-0.385801556
1120,220,220,a,60,nonpun,m1,hosta,beautiful,-0.44031101,-0.292314521
1121,220,220,a,60,nonpun,m1,hosta,plant,0.331254396,-0.388165526
1122,221,221,a,61,nonpun,m1,dublin,capital,0.370660942,-0.353352067
1123,221,221,a,61,nonpun,m1,dublin,ireland,1.961668987,-0.7695979
1124,222,222,a,62,nonpun,m1,prism,prisms,1.490306763,-0.577235661
1125,222,222,a,62,nonpun,m1,prism,used,-0.748888987,-0.211389195
1126,222,222,a,62,nonpun,m1,prism,reflect,1.037128764,0.322436931
1127,222,222,a,62,nonpun,m1,prism,split,0.597686088,-0.493119558
1128,222,222,a,62,nonpun,m1,prism,light,1.161261397,-0.343103799
1129,223,223,a,63,nonpun,m1,fridge,put,-0.411008022,-0.714299692
1130,223,223,a,63,nonpun,m1,fridge,milk,0.767235192,0.065462153
1131,223,223,a,63,nonpun,m1,fridge,meat,0.803642708,-0.7695979
1132,224,224,a,64,nonpun,m1,thief,stole,1.505970904,-0.545372708
1133,224,224,a,64,nonpun,m1,thief,luggage,-0.257270569,-0.316886587
1134,224,224,a,64,nonpun,m1,thief,airport,-0.661774297,0.224649311
1135,225,225,a,65,nonpun,m1,revolution,industrial,0.779098559,-0.240610069
1136,225,225,a,65,nonpun,m1,revolution,changed,1.047769507,0.49074638
1137,225,225,a,65,nonpun,m1,revolution,people,1.181577844,0.558163664
1138,225,225,a,65,nonpun,m1,revolution,worked,-0.132138721,-0.681714376
1139,225,225,a,65,nonpun,m1,revolution,lived,-0.353187535,0.010562891
1140,226,226,a,66,nonpun,m1,plants,humans,0.085842382,1.160297988
1141,226,226,a,66,nonpun,m1,plants,animals,0.673120693,-0.75390942
1142,226,226,a,66,nonpun,m1,plants,not,-0.439678866,0.185020415
1143,226,226,a,66,nonpun,m1,plants,live,1.055429237,-0.373845175
1144,227,227,a,67,nonpun,m1,incisor,rats,-0.525290308,0.096538447
1145,227,227,a,67,nonpun,m1,incisor,tore,0.363363383,-0.408645564
1146,227,227,a,67,nonpun,m1,incisor,meat,-0.007525189,0.595862703
1147,227,227,a,67,nonpun,m1,incisor,strong,-0.405085093,-0.08726854
1148,227,227,a,67,nonpun,m1,incisor,incisors,1.477808387,-0.338472179
1149,228,228,a,68,nonpun,m1,mimes,very,-0.947170316,-0.483321963
1150,228,228,a,68,nonpun,m1,mimes,skilled,0.208544935,-0.571526755
1151,228,228,a,68,nonpun,m1,mimes,imitating,1.776000221,-0.559505191
1152,228,228,a,68,nonpun,m1,mimes,people,0.56746651,1.378662768
1153,229,229,a,69,nonpun,m1,glittering,jewels,1.199606302,-0.716335307
1154,229,229,a,69,nonpun,m1,glittering,sun,0.849660661,-0.410150634
1155,230,230,a,70,nonpun,m1,altitude,airplane,0.899280943,-0.37279691
1156,230,230,a,70,nonpun,m1,altitude,flying,1.487572951,-0.349386687
1157,230,230,a,70,nonpun,m1,altitude,35000,1.529686948,-0.31124024
1158,230,230,a,70,nonpun,m1,altitude,feet,0.849052354,1.665968295
1159,231,231,a,71,nonpun,m1,presence,general,-0.571714282,0.139612203
1160,231,231,a,71,nonpun,m1,presence,great,-0.279443008,0.682147043
1161,232,232,a,72,nonpun,m1,necks,wore,-0.337111103,-0.092011134
1162,232,232,a,72,nonpun,m1,necks,scarf,1.312926424,-0.681714376
1163,232,232,a,72,nonpun,m1,necks,neck,0.215379987,-0.7695979
1164,233,233,a,73,nonpun,m1,digestion,good,-0.20935871,-0.713394257
1165,233,233,a,73,nonpun,m1,digestion,eat,1.517272809,-0.428017343
1166,234,234,a,74,nonpun,m1,ream,office,-0.054455985,-0.612533504
1167,234,234,a,74,nonpun,m1,ream,uses,-0.61745763,-0.412215123
1168,234,234,a,74,nonpun,m1,ream,20,-0.562925409,-0.690380914
1169,234,234,a,74,nonpun,m1,ream,reams,1.450835875,-0.472322047
1170,234,234,a,74,nonpun,m1,ream,paper,0.956801526,-0.527414517
1171,234,234,a,74,nonpun,m1,ream,week,-0.768492084,-0.712912044
1172,235,235,a,75,nonpun,m1,seize,seized,1.477808387,-0.290815078
1173,235,235,a,75,nonpun,m1,seize,arm,-0.12662968,-0.187185131
1174,235,235,a,75,nonpun,m1,seize,run,-0.036770438,-0.322451462
1175,235,235,a,75,nonpun,m1,seize,away,0.492107756,0.233464962
1176,236,236,a,76,nonpun,m1,author,cervantes,0.738380098,-0.383013025
1177,236,236,a,76,nonpun,m1,author,famous,0.537406812,-0.09377369
1178,236,236,a,76,nonpun,m1,author,authors,1.666564877,-0.439001707
1179,236,236,a,76,nonpun,m1,author,spanish,-0.023057305,-0.656226189
1180,236,236,a,76,nonpun,m1,author,language,0.778953656,-0.031165375
1181,237,237,a,77,nonpun,m1,source,difficulties,-0.647976887,-0.437535073
1182,237,237,a,77,nonpun,m1,source,not,-0.975432737,-0.542642046
1183,237,237,a,77,nonpun,m1,source,having,-0.102751353,-0.113120207
1184,237,237,a,77,nonpun,m1,source,enough,-0.827928535,-0.234507332
1185,237,237,a,77,nonpun,m1,source,money,0.218371962,-0.612101614
1186,238,238,a,78,nonpun,m1,paste,used,-0.792570627,-0.405796813
1187,238,238,a,78,nonpun,m1,paste,put,0.009696738,-0.259425199
1188,238,238,a,78,nonpun,m1,paste,pictures,-0.19061284,-0.29236282
1189,238,238,a,78,nonpun,m1,paste,notebook,-0.06493514,-0.633571036
1190,239,239,a,79,nonpun,m1,espresso,like,-0.407535671,0.5325356
1191,239,239,a,79,nonpun,m1,espresso,dinner,-0.284113897,-0.441339594
1192,240,240,a,80,nonpun,m1,scents,scent,1.536368787,-0.019814292
1193,240,240,a,80,nonpun,m1,scents,flowers,1.557261349,0.4877108
1194,240,240,a,80,nonpun,m1,scents,relaxes,-0.308432318,-0.169718389
1195,241,241,b,1,nonpun,m1,line,notebook,0.903179076,-0.7695979
1196,241,241,b,1,nonpun,m1,line,thin,0.338331687,-0.419814802
1197,241,241,b,1,nonpun,m1,line,blue,-0.157081939,-0.252958436
1198,241,241,b,1,nonpun,m1,line,lines,1.969654914,-0.494929592
1199,241,241,b,1,nonpun,m1,line,printed,1.605647805,0.522480312
1200,241,241,b,1,nonpun,m1,line,page,0.657603473,-0.554333158
1201,242,242,b,2,nonpun,m1,truth,speaks,0.364914804,-0.105486137
1202,243,243,b,3,nonpun,m1,sillier,drinks,0.024929427,0.687012895
1203,243,243,b,3,nonpun,m1,sillier,wine,-0.781135248,0.10220985
1204,243,243,b,3,nonpun,m1,sillier,starts,-0.892521153,-0.659313288
1205,243,243,b,3,nonpun,m1,sillier,acting,0.313399721,-0.714045514
1206,244,244,b,4,nonpun,m1,hair,found,-0.7075876,0.286509718
1207,244,244,b,4,nonpun,m1,hair,cat,0.534271753,-0.404544797
1208,244,244,b,4,nonpun,m1,hair,food,-0.809638585,-0.56818969
1209,245,245,b,5,nonpun,m1,closing,chairman,-0.283435142,-0.259989929
1210,245,245,b,5,nonpun,m1,closing,made,-0.55214269,-0.571370567
1211,245,245,b,5,nonpun,m1,closing,remarks,1.423374168,-0.304208775
1212,245,245,b,5,nonpun,m1,closing,end,1.423612408,-0.481286862
1213,245,245,b,5,nonpun,m1,closing,meeting,-0.157331673,-0.577400912
1214,246,246,b,6,nonpun,m1,ambulance,came,0.329503511,-0.530520006
1215,246,246,b,6,nonpun,m1,ambulance,car,0.907579954,-0.522575571
1216,246,246,b,6,nonpun,m1,ambulance,accident,1.355553511,-0.645031662
1217,246,246,b,6,nonpun,m1,ambulance,minutes,-0.218042695,-0.36323405
1218,247,247,b,7,nonpun,m1,purchase,decided,0.555182431,1.012073649
1219,247,247,b,7,nonpun,m1,purchase,new,1.531019996,-0.7695979
1220,247,247,b,7,nonpun,m1,purchase,car,0.213313343,-0.504665099
1221,248,248,b,8,nonpun,m1,reward,gave,0.860334601,0.241366219
1222,248,248,b,8,nonpun,m1,reward,working,0.767041869,0.57540622
1223,248,248,b,8,nonpun,m1,reward,hard,0.612942695,-0.420520005
1224,248,248,b,8,nonpun,m1,reward,year,-0.449563877,-0.690380914
1225,249,249,b,9,nonpun,m1,mass,people,0.807709142,0.602584755
1226,249,249,b,9,nonpun,m1,mass,town,1.444670786,-0.645068878
1227,249,249,b,9,nonpun,m1,mass,square,-0.089224038,1.577643849
1228,249,249,b,9,nonpun,m1,mass,concert,-0.023313737,-0.699429273
1229,250,250,b,10,nonpun,m1,steeler,covered,-0.860962584,-0.485689188
1230,250,250,b,10,nonpun,m1,steeler,steel,0.655757188,-0.407499759
1231,251,251,b,11,nonpun,m1,wicked,man,-0.155749898,-0.25478134
1232,251,251,b,11,nonpun,m1,wicked,took,-0.448858807,-0.59968241
1233,251,251,b,11,nonpun,m1,wicked,child,-0.122278624,-0.645228175
1234,251,251,b,11,nonpun,m1,wicked,parents,-0.580441437,-0.681714376
1235,252,252,b,12,nonpun,m1,special,birthday,0.564068447,-0.7695979
1236,252,252,b,12,nonpun,m1,special,party,0.201366098,-0.356100629
1237,252,252,b,12,nonpun,m1,special,occasion,1.337659399,-0.16945941
1238,253,253,b,13,nonpun,m1,world,possible,-0.128561153,-0.612533504
1239,253,253,b,13,nonpun,m1,world,fly,0.017802493,0.014972298
1240,253,253,b,13,nonpun,m1,world,airplane ,0.184282602,1.809152197
1241,254,254,b,14,nonpun,m1,scissors,hairdressers,1.510471023,-0.683678799
1242,254,254,b,14,nonpun,m1,scissors,use,-0.044843746,-0.681714376
1243,254,254,b,14,nonpun,m1,scissors,cut,1.858618329,0.113397662
1244,254,254,b,14,nonpun,m1,scissors,people's,-0.96805301,0.009619878
1245,254,254,b,14,nonpun,m1,scissors,hair,1.07581798,-0.295752751
1246,255,255,b,15,nonpun,m1,lunch,sandwich,1.641712312,-0.182571337
1247,256,256,b,16,nonpun,m1,blue,yellow,1.11300449,0.560437363
1248,256,256,b,16,nonpun,m1,blue,make,-0.64703271,0.324617022
1249,256,256,b,16,nonpun,m1,blue,green,0.985022116,1.462651178
1250,257,257,b,17,nonpun,m1,free,twenty,0.760804897,-0.681714376
1251,257,257,b,17,nonpun,m1,free,years,-0.813478871,-0.7695979
1252,257,257,b,17,nonpun,m1,free,prison,0.202715519,0.070739287
1253,257,257,b,17,nonpun,m1,free,man,0.572501949,-0.128888689
1254,258,258,b,18,nonpun,m1,feelings,strong,0.348675052,0.62937085
1255,258,258,b,18,nonpun,m1,feelings,criticism,0.482983263,0.908927042
1256,258,258,b,18,nonpun,m1,feelings,hurt,0.956918141,0.558578842
1257,258,258,b,18,nonpun,m1,feelings,daughter's,0.410198642,-0.511474867
1258,259,259,b,19,nonpun,m1,salvation,minister,0.8035694,-0.681714376
1259,259,259,b,19,nonpun,m1,salvation,prayed,1.049995189,0.619095238
1260,259,259,b,19,nonpun,m1,salvation,evil,-0.081232453,-0.713495825
1261,259,259,b,19,nonpun,m1,salvation,woman's,-0.536999554,-0.150385398
1262,260,260,b,20,nonpun,m1,office,skyscraper,0.726948229,0.05529215
1263,261,261,b,21,nonpun,m1,bail,posted,0.906327401,-0.496644319
1264,261,261,b,21,nonpun,m1,bail,"$5,000 ",1.267019246,-0.690380914
1265,261,261,b,21,nonpun,m1,bail,brother's,-0.661081037,-0.681173131
1266,261,261,b,21,nonpun,m1,bail,release,1.373203055,-0.287406687
1267,261,261,b,21,nonpun,m1,bail,jail ,0.280430967,-0.7695979
1268,262,262,b,22,nonpun,m1,spur,boss,-0.595740934,-0.664279177
1269,262,262,b,22,nonpun,m1,spur,called,-0.624354943,0.009470889
1270,262,262,b,22,nonpun,m1,spur,workers,-0.585301487,-0.422964745
1271,262,262,b,22,nonpun,m1,spur,together,-0.121159913,-0.193452455
1272,262,262,b,22,nonpun,m1,spur,moment ,-0.186148235,-0.528280464
1273,263,263,b,23,nonpun,m1,crime,police,1.593313223,-0.372549052
1274,263,263,b,23,nonpun,m1,crime,fight,0.568351977,-0.577758976
1275,263,263,b,23,nonpun,m1,crime,murder,1.363007655,-0.061794159
1276,263,263,b,23,nonpun,m1,crime,theft,1.603320803,-0.057313734
1277,263,263,b,23,nonpun,m1,crime,drug,1.371112841,-0.546767652
1278,263,263,b,23,nonpun,m1,crime,dealing,0.434237825,-0.326261968
1279,264,264,b,24,nonpun,m1,pock,smallpox,1.044220866,-0.084235251
1280,264,264,b,24,nonpun,m1,pock,left,-0.594774856,-0.690380914
1281,264,264,b,24,nonpun,m1,pock,marks,1.983291002,-0.338321213
1282,265,265,b,25,nonpun,m1,bones,give,-0.627803565,0.018227744
1283,265,265,b,25,nonpun,m1,bones,shape,0.792297792,-0.583869139
1284,266,266,b,26,nonpun,m1,habit,smoking,1.496313241,-0.478462194
1285,266,266,b,26,nonpun,m1,habit,bad,1.213178836,0.515070689
1286,267,267,b,27,nonpun,m1,screening,went,-0.542885724,-0.346660968
1287,267,267,b,27,nonpun,m1,screening,movie,1.274227121,-0.4432239
1288,267,267,b,27,nonpun,m1,screening,together,-0.57231643,-0.001004936
1289,268,268,b,28,nonpun,m1,holmes,really,-0.782199101,-0.354215744
1290,268,268,b,28,nonpun,m1,holmes,like,-0.766196634,1.652848023
1291,268,268,b,28,nonpun,m1,holmes,reading,0.058973573,1.091778841
1292,268,268,b,28,nonpun,m1,holmes,sherlock,1.285521525,-0.716885504
1293,268,268,b,28,nonpun,m1,holmes,books,0.810892051,-0.413500898
1294,269,269,b,29,nonpun,m1,can't,remember,0.107445707,-0.502121444
1295,269,269,b,29,nonpun,m1,can't,time,0.921001675,0.953435453
1296,269,269,b,29,nonpun,m1,can't,happened,-0.488716961,-0.613538942
1297,270,270,b,30,nonpun,m1,temper,bad,1.265653289,0.475771756
1298,270,270,b,30,nonpun,m1,temper,easily,-0.346537065,-0.461026758
1299,270,270,b,30,nonpun,m1,temper,angered,1.012319926,-0.466430745
1300,271,271,b,31,nonpun,m1,late,meeting,0.500770641,-0.136641947
1301,272,272,b,32,nonpun,m1,liable,rental,0.285312976,-0.507406235
1302,272,272,b,32,nonpun,m1,liable,contracts,0.364834585,0.523551247
1303,272,272,b,32,nonpun,m1,liable,state,-0.569536327,-0.462207218
1304,272,272,b,32,nonpun,m1,liable,tenants,0.177945458,-0.542136996
1305,272,272,b,32,nonpun,m1,liable,damages,1.527645132,1.487746281
1306,272,272,b,32,nonpun,m1,liable,cause,0.938817642,0.120356935
1307,272,272,b,32,nonpun,m1,liable,property,1.414342741,0.205795169
1308,273,273,b,33,nonpun,m1,twist,twisted,1.596061294,0.316550624
1309,273,273,b,33,nonpun,m1,twist,pieces,-0.436844529,-0.178385806
1310,273,273,b,33,nonpun,m1,twist,thread,1.256833547,-0.554764086
1311,273,273,b,33,nonpun,m1,twist,needle,-0.616427486,-0.031199476
1312,274,274,b,34,nonpun,m1,profane,man,-0.221000835,-0.393568751
1313,274,274,b,34,nonpun,m1,profane,uses,-0.448570537,0.28811916
1314,274,274,b,34,nonpun,m1,profane,language,0.558506589,0.581213196
1315,275,275,b,35,nonpun,m1,leaving,work,-0.238240482,0.084019309
1316,275,275,b,35,nonpun,m1,leaving,right,-1.005784866,-0.520899483
1317,276,276,b,36,nonpun,m1,lambs,family,-0.599872094,-0.427729934
1318,276,276,b,36,nonpun,m1,lambs,roast,0.851946622,1.114613861
1319,276,276,b,36,nonpun,m1,lambs,leg,0.499638956,-0.422296246
1320,276,276,b,36,nonpun,m1,lambs,lamb,1.887506727,-0.042835631
1321,276,276,b,36,nonpun,m1,lambs,dinner,0.715418124,2.165823373
1322,277,277,b,37,nonpun,m1,talking,friend,1.474498319,-0.645068878
1323,277,277,b,37,nonpun,m1,talking,whole,-0.871315811,-0.576033542
1324,277,277,b,37,nonpun,m1,talking,time,-0.371245625,-0.07646002
1325,278,278,b,38,nonpun,m1,magnet,desk,-0.226733883,0.298600455
1326,278,278,b,38,nonpun,m1,magnet,holds,0.504277457,-0.065183857
1327,278,278,b,38,nonpun,m1,magnet,paper,-0.304500379,-0.320379363
1328,278,278,b,38,nonpun,m1,magnet,clips,0.122887777,0.276468459
1329,279,279,b,39,nonpun,m1,raving,mad,1.371827409,0.149755222
1330,279,279,b,39,nonpun,m1,raving,man,-0.546893033,-0.408885865
1331,279,279,b,39,nonpun,m1,raving,frightened,0.710965562,-0.171396955
1332,279,279,b,39,nonpun,m1,raving,those,-0.767759358,-0.544168858
1333,280,280,b,40,nonpun,m1,alcohol,burns,0.229593159,0.505826658
1334,280,280,b,40,nonpun,m1,alcohol,easily,-0.503992782,-0.290505374
1335,281,281,b,41,nonpun,m1,slave,boss,1.400749185,-0.285232904
1336,281,281,b,41,nonpun,m1,slave,told,-0.681469513,-0.690380914
1337,281,281,b,41,nonpun,m1,slave,work,1.289300491,0.283711784
1338,281,281,b,41,nonpun,m1,slave,late,-0.789429632,-0.404403087
1339,281,281,b,41,nonpun,m1,slave,holiday,-0.737205823,-0.073798857
1340,281,281,b,41,nonpun,m1,slave,driver,0.443951792,-0.100281493
1341,282,282,b,42,nonpun,m1,aching,back,0.894540471,-0.490314868
1342,282,282,b,42,nonpun,m1,aching,sitting,-0.255217858,-0.571526755
1343,283,283,b,43,nonpun,m1,irritation,tried,-0.064230899,-0.203663255
1344,283,283,b,43,nonpun,m1,irritation,hide,-0.490253617,-0.690380914
1345,283,283,b,43,nonpun,m1,irritation,irritationbut,0.325545161,-0.372282077
1346,283,283,b,43,nonpun,m1,irritation,showed,-0.148753998,0.010141543
1347,283,283,b,43,nonpun,m1,irritation,face,-0.181512568,-0.7695979
1348,284,284,b,44,nonpun,m1,ante,made,-0.810472964,-0.272201719
1349,284,284,b,44,nonpun,m1,ante,offer,0.500563907,-0.531440393
1350,284,284,b,44,nonpun,m1,ante,buy,0.308085211,-0.542642046
1351,284,284,b,44,nonpun,m1,ante,house,-0.375517823,-0.4849016
1352,284,284,b,44,nonpun,m1,ante,owner,-0.940417014,-0.233108737
1353,284,284,b,44,nonpun,m1,ante,upped,0.725448669,-0.115912309
1354,285,285,b,45,nonpun,m1,future,knows,0.147976917,-0.681714376
1355,285,285,b,45,nonpun,m1,future,happen,0.692699488,-0.599540333
1356,286,286,b,46,nonpun,m1,tell,tells,1.405499765,-0.410862044
1357,286,286,b,46,nonpun,m1,tell,story,1.161450033,-0.469053832
1358,286,286,b,46,nonpun,m1,tell,child,0.241234743,-0.612533504
1359,286,286,b,46,nonpun,m1,tell,night,-0.901046457,-0.277410392
1360,287,287,b,47,nonpun,m1,how's,asked,0.270005063,-0.245116346
1361,287,287,b,47,nonpun,m1,how's,going,0.342579865,-0.018473313
1362,288,288,b,48,nonpun,m1,fire,sat,-0.642584366,-0.681714376
1363,288,288,b,48,nonpun,m1,fire,keep,-0.768492084,-0.597326311
1364,288,288,b,48,nonpun,m1,fire,warm,0.849014018,-0.531678516
1365,289,289,b,49,nonpun,m1,help,gave,0.908712967,-0.737328199
1366,289,289,b,49,nonpun,m1,help,friend,0.919786418,-0.577738637
1367,289,289,b,49,nonpun,m1,help,homework,0.662564313,-0.641711004
1368,290,290,b,50,nonpun,m1,guarding,dog,0.857860422,-0.156266765
1369,290,290,b,50,nonpun,m1,guarding,just,-0.648651142,-0.608500438
1370,290,290,b,50,nonpun,m1,guarding,house,0.172127735,-0.608214201
1371,290,290,b,50,nonpun,m1,guarding,mean,-0.134316388,-0.654750174
1372,290,290,b,50,nonpun,m1,guarding,scare,-0.19021425,-0.660889498
1373,291,291,b,51,nonpun,m1,been,long,-0.421367959,-0.006859335
1374,291,291,b,51,nonpun,m1,been,time,-0.059106523,-0.612533504
1375,291,291,b,51,nonpun,m1,been,saw,-0.239116903,-0.5805929
1376,292,292,b,52,nonpun,m1,order,arranged,1.098840953,-0.160046421
1377,292,292,b,52,nonpun,m1,order,newspapers,-0.019865689,-0.468069427
1378,292,292,b,52,nonpun,m1,order,dates,0.55582649,1.04438851
1379,293,293,b,53,nonpun,m1,lot,decided,-0.520075148,-0.425054722
1380,293,293,b,53,nonpun,m1,lot,leave,-0.611990186,-0.716885504
1381,293,293,b,53,nonpun,m1,lot,car,0.555339105,0.564737924
1382,293,293,b,53,nonpun,m1,lot,parking,1.791723697,-0.612533504
1383,294,294,b,54,nonpun,m1,best,student,0.357354688,0.024166403
1384,294,294,b,54,nonpun,m1,best,class,0.084489018,-0.53669697
1385,295,295,b,55,nonpun,m1,crack,drinking,-0.568706521,-0.437201779
1386,295,295,b,55,nonpun,m1,crack,glass,0.229977639,0.124713992
1387,296,296,b,56,nonpun,m1,lag,communications,0.11506706,-0.652512612
1388,296,296,b,56,nonpun,m1,lag,not,-0.734899331,-0.664279177
1389,296,296,b,56,nonpun,m1,lag,hear,-0.894547741,-0.582302365
1390,296,296,b,56,nonpun,m1,lag,news,-0.788137903,-0.577738637
1391,296,296,b,56,nonpun,m1,lag,until,0.333944221,-0.690511956
1392,296,296,b,56,nonpun,m1,lag,days,-0.367382029,-0.593187373
1393,296,296,b,56,nonpun,m1,lag,later,0.436060915,-0.715633112
1394,297,297,b,57,nonpun,m1,decay,tooth,0.526024003,-0.589792384
1395,297,297,b,57,nonpun,m1,decay,result,-0.158389626,0.036597285
1396,297,297,b,57,nonpun,m1,decay,poor,0.363239603,-0.321015949
1397,297,297,b,57,nonpun,m1,decay,dental,1.574917546,-0.497982126
1398,297,297,b,57,nonpun,m1,decay,hygiene,0.668785439,-0.557327474
1399,298,298,b,58,nonpun,m1,traumatic,car,-0.167779699,-0.666140104
1400,298,298,b,58,nonpun,m1,traumatic,accident,0.685693472,-0.091965215
1401,298,298,b,58,nonpun,m1,traumatic,very,0.465952561,-0.271256247
1402,298,298,b,58,nonpun,m1,traumatic,experience,1.107196633,-0.387713677
1403,299,299,b,59,nonpun,m1,traumatic,incident,1.070651325,-0.597326311
1404,299,299,b,59,nonpun,m1,traumatic,left,-0.452771076,-0.484750985
1405,299,299,b,59,nonpun,m1,traumatic,scarred,1.186655805,-0.509989383
1406,300,300,b,60,nonpun,m1,hostile,driver,0.124091538,-0.577738637
1407,300,300,b,60,nonpun,m1,hostile,attitude,0.750991406,-0.528231672
1408,301,301,b,61,nonpun,m1,doubling,amount,0.824345895,-0.690380914
1409,301,301,b,61,nonpun,m1,doubling,business,0.054752075,0.415081199
1410,301,301,b,61,nonpun,m1,doubling,makes,-0.402222701,-0.585539986
1411,301,301,b,61,nonpun,m1,doubling,year,-0.737205823,-0.7695979
1412,302,302,b,62,nonpun,m1,prison,sent,0.045516466,-0.425974304
1413,302,302,b,62,nonpun,m1,prison,robbing,0.950511053,-0.498339995
1414,302,302,b,62,nonpun,m1,prison,bank,-0.091331817,-0.536731888
1415,303,303,b,63,nonpun,m1,bridge,trains,1.074483204,-0.36129733
1416,303,303,b,63,nonpun,m1,bridge,go,-0.496029339,-0.314074626
1417,303,303,b,63,nonpun,m1,bridge,river,1.155381151,-0.750244648
1418,304,304,b,64,nonpun,m1,chief,leader,1.120057939,0.114813944
1419,304,304,b,64,nonpun,m1,chief,native,0.925069784,-0.255735163
1420,304,304,b,64,nonpun,m1,chief,american,-0.210297668,-0.026080507
1421,304,304,b,64,nonpun,m1,chief,tribe,1.598825715,0.177698611
1422,304,304,b,64,nonpun,m1,chief,known,-0.600779155,-0.070309294
1423,304,304,b,64,nonpun,m1,chief,chief ,0.142324073,-0.43078937
1424,305,305,b,65,nonpun,m1,resolution,admired,-0.881816698,-0.570382197
1425,305,305,b,65,nonpun,m1,resolution,quit,0.04402441,0.035344219
1426,305,305,b,65,nonpun,m1,resolution,smoking,-0.255207855,-0.146826509
1427,306,306,b,66,nonpun,m1,pants,legs,0.65430671,0.074378023
1428,306,306,b,66,nonpun,m1,pants,cold,-0.252607863,-0.384164048
1429,306,306,b,66,nonpun,m1,pants,put,-0.388506771,0.29115998
1430,306,306,b,66,nonpun,m1,pants,pair,1.658161644,-0.339179555
1431,307,307,b,67,nonpun,m1,insider,trading,0.711009001,-0.690569204
1432,307,307,b,67,nonpun,m1,insider,get,-0.580089145,-0.414505745
1433,307,307,b,67,nonpun,m1,insider,lot,-0.526307077,-0.647263789
1434,307,307,b,67,nonpun,m1,insider,trouble,-0.387881741,-0.221151376
1435,308,308,b,68,nonpun,m1,minds,great,0.514249067,0.088093548
1436,308,308,b,68,nonpun,m1,minds,think,1.404774565,0.187931852
1437,308,308,b,68,nonpun,m1,minds,alike,0.750183181,0.732431154
1438,309,309,b,69,nonpun,m1,littering,caught,0.025925019,-0.583648795
1439,309,309,b,69,nonpun,m1,littering,pay,-0.244670733,-0.407004572
1440,309,309,b,69,nonpun,m1,littering,fine,1.029592653,0.774422755
1441,310,310,b,70,nonpun,m1,attitude,good,0.715570328,-0.299719032
1442,310,310,b,70,nonpun,m1,attitude,work,-0.017556673,-0.397202182
1443,311,311,b,71,nonpun,m1,presents,wait,-0.267338787,0.226824712
1444,311,311,b,71,nonpun,m1,presents,open,1.023856705,0.037141579
1445,311,311,b,71,nonpun,m1,presents,christmas,1.961193125,0.208237428
1446,312,312,b,72,nonpun,m1,next,time,0.222486758,-0.325761723
1447,312,312,b,72,nonpun,m1,next,late,-0.467570749,-0.580605759
1448,312,312,b,72,nonpun,m1,next,you'll,-0.624395617,-0.690380914
1449,312,312,b,72,nonpun,m1,next,trouble,-0.702771942,-0.407862784
1450,313,313,b,73,nonpun,m1,destruction,hurricane,1.602162866,-0.681714376
1451,313,313,b,73,nonpun,m1,destruction,causes,1.645167591,-0.25647317
1452,313,313,b,73,nonpun,m1,destruction,great,-0.237106996,0.105648034
1453,313,313,b,73,nonpun,m1,destruction,buildings,0.42365357,-0.850490932
1454,313,313,b,73,nonpun,m1,destruction,trees,0.308182602,-0.536731888
1455,314,314,b,74,nonpun,m1,cream,butter,1.150166867,-0.324140823
1456,314,314,b,74,nonpun,m1,cream,made,-0.229606144,-0.56190314
1457,315,315,b,75,nonpun,m1,see,able,-0.084950902,0.112057206
1458,315,315,b,75,nonpun,m1,see,clearly,0.916973255,-0.541810342
1459,315,315,b,75,nonpun,m1,see,getting,-0.537299592,0.137021764
1460,315,315,b,75,nonpun,m1,see,glasses,1.233178845,-0.660889498
1461,316,316,b,76,nonpun,m1,offer,very,-0.712107015,-0.554102897
1462,316,316,b,76,nonpun,m1,offer,considerate,0.672582328,0.178503386
1463,316,316,b,76,nonpun,m1,offer,give,2.178092123,-0.404720482
1464,316,316,b,76,nonpun,m1,offer,ride,0.097546003,-0.56818969
1465,317,317,b,77,nonpun,m1,sauce,love,-0.81826748,-0.30152221
1466,317,317,b,77,nonpun,m1,sauce,eat,1.933806177,0.160815651
1467,317,317,b,77,nonpun,m1,sauce,chocolate,0.58244089,-0.7695979
1468,317,317,b,77,nonpun,m1,sauce,vanilla,-0.201152506,-0.433312662
1469,317,317,b,77,nonpun,m1,sauce,ice,-0.760773984,0.283648575
1470,317,317,b,77,nonpun,m1,sauce,cream,0.863532173,-0.389047651
1471,318,318,b,78,nonpun,m1,pays,company,0.467312406,-0.39047325
1472,318,318,b,78,nonpun,m1,pays,employees,1.049992445,-0.645031662
1473,318,318,b,78,nonpun,m1,pays,weeks,0.260314402,-0.682425965
1474,319,319,b,79,nonpun,m1,express,learn,0.164828801,-0.548789898
1475,319,319,b,79,nonpun,m1,express,feelings,1.434281812,-0.133460282
1476,319,319,b,79,nonpun,m1,express,better,-0.585132085,-0.396014078
1477,320,320,b,80,nonpun,m1,sense,good,0.782137186,1.101292238
1478,320,320,b,80,nonpun,m1,sense,business,1.251973544,-0.452653338