uniquePairID,uniqueID,sentenceID,homophoneID,phoneticID,sentenceType,isOrig,homophone,word,h1_relatedness,h2_relatedness,dummy
0,1,1,1-a,1,pun,0,prophet,prophet,0,0,0
15,1,1,1-a,1,pun,0,prophet,atheism,0.043975327,-0.293007439,0
26,1,1,1-a,1,pun,0,prophet,non,-0.650018431,0.76452703,0
27,1,1,1-a,1,pun,0,prophet,organization,0.123608176,1.344302809,0
0,2,2,2-a,2,pun,0,pi,pi,0,0,0
30,2,2,2-a,2,pun,0,pi,circumference,1.110707202,1.192320265,0
33,2,2,2-a,2,pun,0,pi,get,-0.532050103,-0.213873793,0
34,2,2,2-a,2,pun,0,pi,large,-0.196874277,0.203214357,0
0,3,3,3-a,3,pun,0,knead,knead,0,0,0
55,3,3,3-a,3,pun,0,knead,bakers,1.643374608,-0.430311199,0
56,3,3,3-a,3,pun,0,knead,basis,-0.724020559,0.363879125,0
57,3,3,3-a,3,pun,0,knead,bread,1.618475041,-0.10745158,0
63,3,3,3-a,3,pun,0,knead,know,-0.664626706,-0.08894483,0
68,3,3,3-a,3,pun,0,knead,recipes,1.004924966,-0.181518542,0
70,3,3,3-a,3,pun,0,knead,trade,-0.58008783,0.499910519,0
0,4,4,4-a,4,pun,0,oar,oar,0,0,0
89,4,4,4-a,4,pun,0,oar,choose,-0.51196844,1.166963655,0
92,4,4,4-a,4,pun,0,oar,either,-0.745201312,1.802274457,0
94,4,4,4-a,4,pun,0,oar,indecisive,-0.736316505,0.924511546,0
95,4,4,4-a,4,pun,0,oar,not,-0.73898887,0.061294261,0
98,4,4,4-a,4,pun,0,oar,rower,1.833928909,-0.722767904,0
0,5,5,5-a,5,pun,0,tiers,tiers,0,0,0
127,5,5,5-a,5,pun,0,tiers,cake,0.847840122,-0.733195769,0
129,5,5,5-a,5,pun,0,tiers,emotional,-0.093719285,1.613409237,0
130,5,5,5-a,5,pun,0,tiers,even,-0.21256834,-0.643260403,0
138,5,5,5-a,5,pun,0,tiers,wedding,0.363679868,1.167013135,0
0,6,6,6-a,6,pun,0,poll,poll,0,0,0
153,6,6,6-a,6,pun,0,poll,conduct,0.79637133,-0.131050615,0
155,6,6,6-a,6,pun,0,poll,country,-0.020817463,-0.441639232,0
156,6,6,6-a,6,pun,0,poll,decided,0.888379398,-0.438823318,0
157,6,6,6-a,6,pun,0,poll,flag,0.519522756,1.600043247,0
159,6,6,6-a,6,pun,0,poll,new,-0.30941208,-0.573021617,0
0,7,7,7-a,7,pun,0,bored,bored,0,0,0
178,7,7,7-a,7,pun,0,bored,chairman,-0.257766851,1.891566794,0
181,7,7,7-a,7,pun,0,bored,executive,-0.232066116,1.514850716,0
185,7,7,7-a,7,pun,0,bored,meetings,0.256531919,0.957355228,0
0,8,8,8-a,8,pun,0,greece,greece,0,0,0
200,8,8,8-a,8,pun,0,greece,donuts,-0.497489011,0.661854871,0
202,8,8,8-a,8,pun,0,greece,know,-0.577456692,-0.669045928,0
203,8,8,8-a,8,pun,0,greece,made,-0.564552226,-0.586369571,0
0,9,9,9-a,9,pun,0,sine,sine,0,0,0
220,9,9,9-a,9,pun,0,sine,above,-0.539975973,-0.011263401,0
226,9,9,9-a,9,pun,0,sine,hoping,-0.763760078,-0.145123348,0
228,9,9,9-a,9,pun,0,sine,prayed,-0.781460533,0.347605059,0
231,9,9,9-a,9,pun,0,sine,tests,-0.122511114,-0.19480109,0
232,9,9,9-a,9,pun,0,sine,trigonometry,1.282836716,0.636264574,0
0,10,10,10-a,10,pun,0,principal,principal,0,0,0
235,10,10,10-a,10,pun,0,principal,disliked,-0.136515567,0.099790292,0
237,10,10,10-a,10,pun,0,principal,john,-0.059251367,-0.438655141,0
238,10,10,10-a,10,pun,0,principal,just,0.366797927,1.030609819,0
241,10,10,10-a,10,pun,0,principal,not,-0.750032,-0.574541502,0
243,10,10,10-a,10,pun,0,principal,school,1.99747003,1.0686167,0
0,11,11,11-a,11,pun,0,cd,cd,0,0,0
263,11,11,11-a,11,pun,0,cd,music,1.794118677,-0.31297692,0
265,11,11,11-a,11,pun,0,cd,part,-0.422293117,-0.118107336,0
267,11,11,11-a,11,pun,0,cd,stores,0.803521617,-0.392169307,0
268,11,11,11-a,11,pun,0,cd,town,-0.67697029,-0.143891918,0
0,12,12,12-a,12,pun,0,hare,hare,0,0,0
296,12,12,12-a,12,pun,0,hare,got,-0.805884849,-0.523207923,0
299,12,12,12-a,12,pun,0,hare,mad,-0.399919617,-0.399004337,0
300,12,12,12-a,12,pun,0,hare,magician,1.267423786,-0.520019328,0
301,12,12,12-a,12,pun,0,hare,out,-0.832510067,-0.341957696,0
304,12,12,12-a,12,pun,0,hare,pulled,-0.746881884,0.793711827,0
0,13,13,13-a,13,pun,0,knotty,knotty,0,0,0
307,13,13,13-a,13,pun,0,knotty,admonished,-0.648839231,0.304300529,0
308,13,13,13-a,13,pun,0,knotty,apparently,-0.750032,-0.483787797,0
312,13,13,13-a,13,pun,0,knotty,father,-0.795986539,-0.415566217,0
314,13,13,13-a,13,pun,0,knotty,pine,-0.160851791,-0.793461446,0
315,13,13,13-a,13,pun,0,knotty,sapling,0.091068985,-0.624846796,0
316,13,13,13-a,13,pun,0,knotty,young,-0.639578699,0.14893242,0
0,14,14,14-a,14,pun,0,taut,taut,0,0,0
342,14,14,14-a,14,pun,0,taut,learn,-0.576975932,1.71226036,0
345,14,14,14-a,14,pun,0,taut,rope,0.868287367,-0.121058026,0
348,14,14,14-a,14,pun,0,taut,tricks,-0.474706301,0.383502192,0
0,15,15,15-a,15,pun,0,marx,marx,0,0,0
361,15,15,15-a,15,pun,0,marx,class,0.578105668,0.545062066,0
362,15,15,15-a,15,pun,0,marx,communism,1.31724495,-0.606476564,0
363,15,15,15-a,15,pun,0,marx,dropped,-0.781460533,-0.166436781,0
368,15,15,15-a,15,pun,0,marx,lousy,-0.700099018,-0.02914144,0
370,15,15,15-a,15,pun,0,marx,out,-0.706776015,-0.468658789,0
0,16,16,16-a,16,pun,0,hi,hi,0,0,0
373,16,16,16-a,16,pun,0,hi,boy,-0.417689106,-0.437116177,0
375,16,16,16-a,16,pun,0,hi,instinctively,-0.349854622,-0.38716255,0
376,16,16,16-a,16,pun,0,hi,natural,-0.689691795,-0.157847829,0
377,16,16,16-a,16,pun,0,hi,people,0.071003092,-0.059803808,0
384,16,16,16-a,16,pun,0,hi,waves,-0.20390641,0.804602748,0
0,17,17,17-a,17,pun,0,daze,daze,0,0,0
410,17,17,17-a,17,pun,0,daze,end,-0.781159905,-0.001792814,0
411,17,17,17-a,17,pun,0,daze,having,-0.930877055,-0.402625515,0
413,17,17,17-a,17,pun,0,daze,longs,-0.340935657,-0.17518217,0
415,17,17,17-a,17,pun,0,daze,school,-0.178407141,0.829777152,0
417,17,17,17-a,17,pun,0,daze,teacher,-0.653580937,-0.010627663,0
418,17,17,17-a,17,pun,0,daze,time,-0.436061797,1.575538749,0
419,17,17,17-a,17,pun,0,daze,tough,-0.333186385,0.093878323,0
0,18,18,18-a,18,pun,0,prose,prose,0,0,0
431,18,18,18-a,18,pun,0,prose,authors,0.915941599,0.040325601,0
433,18,18,18-a,18,pun,0,prose,cons,-0.587049833,1.562762916,0
435,18,18,18-a,18,pun,0,prose,jail,-0.696797307,-0.674232177,0
0,19,19,19-a,19,pun,0,plane,plane,0,0,0
456,19,19,19-a,19,pun,0,plane,eat,-0.144761088,-0.226245133,0
457,19,19,19-a,19,pun,0,plane,expect,-0.382682084,-0.672960552,0
458,19,19,19-a,19,pun,0,plane,fancy,-0.202904824,0.324450008,0
460,19,19,19-a,19,pun,0,plane,flying,1.816222237,-0.512024581,0
461,19,19,19-a,19,pun,0,plane,food,0.151330212,0.23343159,0
463,19,19,19-a,19,pun,0,plane,not,-0.749886832,-0.288942001,0
0,20,20,20-a,20,pun,0,dam,dam,0,0,0
465,20,20,20-a,20,pun,0,dam,beaver,1.758858353,0.156040259,0
466,20,20,20-a,20,pun,0,dam,best,-0.739470846,-0.310985493,0
468,20,20,20-a,20,pun,0,dam,ever,-0.714138324,-0.570525947,0
472,20,20,20-a,20,pun,0,dam,movie,-0.735985557,-0.585364406,0
472,20,20,20-a,20,pun,0,dam,movie,-0.735985557,-0.585364406,0
473,20,20,20-a,20,pun,0,dam,night,-0.520710889,-0.514829836,0
475,20,20,20-a,20,pun,0,dam,saw,-0.307453941,-0.763361954,0
477,20,20,20-a,20,pun,0,dam,seen,-0.690693545,-0.680358393,0
0,21,21,21-a,21,pun,0,hertz,hertz,0,0,0
493,21,21,21-a,21,pun,0,hertz,computer,1.118191817,-0.50140918,0
499,21,21,21-a,21,pun,0,hertz,slow,-0.302989984,-0.470437756,0
0,22,22,22-a,22,pun,0,role,role,0,0,0
511,22,22,22-a,22,pun,0,role,actors,1.601986906,-0.305783932,0
515,22,22,22-a,22,pun,0,role,great,-0.283150414,-0.515024286,0
518,22,22,22-a,22,pun,0,role,movie,1.532476003,0.594719169,0
0,23,23,23-a,23,pun,0,collar,collar,0,0,0
549,23,23,23-a,23,pun,0,collar,id,0.40944158,1.368685278,0
550,23,23,23-a,23,pun,0,collar,man,0.233988351,0.085463008,0
551,23,23,23-a,23,pun,0,collar,name,-0.106902364,0.722813874,0
552,23,23,23-a,23,pun,0,collar,neck,1.638391002,-0.492296779,0
555,23,23,23-a,23,pun,0,collar,put,-0.622695174,-0.719297165,0
557,23,23,23-a,23,pun,0,collar,shirt,1.569426463,-0.621766767,0
0,24,24,24-a,24,pun,0,steal,steal,0,0,0
565,24,24,24-a,24,pun,0,steal,muscles,-0.453849102,-0.143208756,0
568,24,24,24-a,24,pun,0,steal,thieves,2.083308461,-0.301460132,0
0,25,25,25-a,25,pun,0,dye,dye,0,0,0
597,25,25,25-a,25,pun,0,dye,actress,-0.191653442,-0.37253657,0
599,25,25,25-a,25,pun,0,dye,gray,0.733598121,0.011905704,0
600,25,25,25-a,25,pun,0,dye,hair,1.523473926,-0.704851099,0
605,25,25,25-a,25,pun,0,dye,saw,-0.701321696,-0.302942596,0
607,25,25,25-a,25,pun,0,dye,strands,0.594733015,-0.437879686,0
608,25,25,25-a,25,pun,0,dye,thought,-0.82578583,-0.598395341,0
0,26,26,26-a,26,pun,0,waist,waist,0,0,0
611,26,26,26-a,26,pun,0,waist,belt,1.597962543,-0.347338501,0
612,26,26,26-a,26,pun,0,waist,cardboard,-0.76867622,0.720292439,0
616,26,26,26-a,26,pun,0,waist,paper,-0.586922992,0.715106249,0
0,27,27,27-a,27,pun,0,feet,feet,0,0,0
644,27,27,27-a,27,pun,0,feet,able,-0.318576775,0.192267427,0
645,27,27,27-a,27,pun,0,feet,being,-0.606391309,-0.32027531,0
647,27,27,27-a,27,pun,0,feet,fit,-0.037323991,-0.561509507,0
648,27,27,27-a,27,pun,0,feet,fourteen,0.377560615,-0.690051472,0
653,27,27,27-a,27,pun,0,feet,quite,-0.593675754,-0.190079146,0
655,27,27,27-a,27,pun,0,feet,shoes,1.661397429,-0.582987908,0
656,27,27,27-a,27,pun,0,feet,size,0.721870727,-0.45251572,0
0,28,28,28-a,28,pun,0,aloud,aloud,0,0,0
676,28,28,28-a,28,pun,0,aloud,mime,-0.332451663,-0.701130918,0
677,28,28,28-a,28,pun,0,aloud,not,-0.538579436,-0.329427842,0
680,28,28,28-a,28,pun,0,aloud,say,1.335776396,-0.033663658,0
684,28,28,28-a,28,pun,0,aloud,wanted,-0.635801964,0.328884943,0
0,29,29,29-a,29,pun,0,pail,pail,0,0,0
685,29,29,29-a,29,pun,0,pail,buckets,1.416678201,-0.029501143,0
687,29,29,29-a,29,pun,0,pail,carry,0.829926254,-0.217803528,0
689,29,29,29-a,29,pun,0,pail,feeling,-0.685825422,-0.256058431,0
694,29,29,29-a,29,pun,0,pail,start,-0.712694931,-0.750168933,0
695,29,29,29-a,29,pun,0,pail,those,-0.716689837,-0.83061309,0
0,30,30,30-a,30,pun,0,manor,manor,0,0,0
726,30,30,30-a,30,pun,0,manor,castle,1.698588817,0.10552875,0
729,30,30,30-a,30,pun,0,manor,home,1.322936486,-0.345664258,0
732,30,30,30-a,30,pun,0,manor,man's,-0.272675645,-0.295230845,0
736,30,30,30-a,30,pun,0,manor,speaking,-0.458717251,0.646434966,0
0,31,31,31-a,31,pun,0,cache,cache,0,0,0
740,31,31,31-a,31,pun,0,cache,chips,-0.819637414,0.7956559,0
742,31,31,31-a,31,pun,0,cache,computer,1.505761556,-0.123120412,0
745,31,31,31-a,31,pun,0,cache,ended,-0.603802302,-0.454443007,0
746,31,31,31-a,31,pun,0,cache,online,1.029892406,-0.181050587,0
748,31,31,31-a,31,pun,0,cache,poker,-0.2132602,1.316488685,0
751,31,31,31-a,31,pun,0,cache,suddenly,-0.675640845,-0.56330868,0
753,31,31,31-a,31,pun,0,cache,tournament,-0.729033819,0.755545695,0
0,32,32,32-a,32,pun,0,reign,reign,0,0,0
787,32,32,32-a,32,pun,0,reign,britain,1.042022668,0.061046913,0
793,32,32,32-a,32,pun,0,reign,long,0.642961873,-0.350116242,0
795,32,32,32-a,32,pun,0,reign,place,-0.024887767,-0.136697917,0
796,32,32,32-a,32,pun,0,reign,queen,1.752883517,-0.702310804,0
798,32,32,32-a,32,pun,0,reign,wet,-0.759895853,2.093230813,0
0,33,33,33-a,33,pun,0,thyme,thyme,0,0,0
801,33,33,33-a,33,pun,0,thyme,extra,-0.718040206,0.421663016,0
804,33,33,33-a,33,pun,0,thyme,gardeners,1.344828955,-0.444254531,0
805,33,33,33-a,33,pun,0,thyme,get,-0.459086859,-0.3333092,0
806,33,33,33-a,33,pun,0,thyme,herb,1.966137607,-0.532604413,0
812,33,33,33-a,33,pun,0,thyme,work,-0.633998157,0.870582592,0
0,34,34,34-a,34,pun,0,pore,pore,0,0,0
842,34,34,34-a,34,pun,0,pore,bad,-0.52912533,0.507396557,0
845,34,34,34-a,34,pun,0,pore,excuse,-0.797260382,0.546949903,0
849,34,34,34-a,34,pun,0,pore,say,-0.721007352,-0.598910423,0
849,34,34,34-a,34,pun,0,pore,say,-0.721007352,-0.598910423,0
850,34,34,34-a,34,pun,0,pore,skin,1.711512432,-0.24986229,0
0,35,35,35-a,35,pun,0,gilt,gilt,0,0,0
856,35,35,35-a,35,pun,0,gilt,complex,-0.330724331,0.662758497,0
860,35,35,35-a,35,pun,0,gilt,gold,0.294488666,-0.391441182,0
863,35,35,35-a,35,pun,0,gilt,like,-0.379747841,-0.621661154,0
864,35,35,35-a,35,pun,0,gilt,paint,-0.023620318,-0.781460533,0
865,35,35,35-a,35,pun,0,gilt,people,-0.302710537,0.305665447,0
0,36,36,36-a,36,pun,0,heir,heir,0,0,0
895,36,36,36-a,36,pun,0,heir,human,0.509669411,0.408764856,0
0,37,37,37-a,37,pun,0,son,son,0,0,0
901,37,37,37-a,37,pun,0,son,boy,1.493254391,-0.761227994,0
904,37,37,37-a,37,pun,0,son,got,-0.750504706,-0.646079413,0
906,37,37,37-a,37,pun,0,son,only,0.055293382,-0.665076312,0
908,37,37,37-a,37,pun,0,son,rest,-0.494602382,-0.515133451,0
0,38,38,38-a,38,pun,0,c's,c's,0,0,0
921,38,38,38-a,38,pun,0,c's,cannot,-0.561368366,-0.834120549,0
925,38,38,38-a,38,pun,0,c's,high,-0.577071422,1.15987515,0
926,38,38,38-a,38,pun,0,c's,hit,-0.752815211,-0.617809813,0
927,38,38,38-a,38,pun,0,c's,make,-0.583384169,-0.650018431,0
929,38,38,38-a,38,pun,0,c's,novice,-0.620696349,-0.59044442,0
930,38,38,38-a,38,pun,0,c's,pirates,-0.750032,1.633184002,0
933,38,38,38-a,38,pun,0,c's,singers,-0.351746838,-0.721792247,0
935,38,38,38-a,38,pun,0,c's,terrible,-0.480278263,0.208366564,0
0,39,39,39-a,39,pun,0,watt,watt,0,0,0
951,39,39,39-a,39,pun,0,watt,bright,1.27752717,-0.808464664,0
954,39,39,39-a,39,pun,0,watt,electrician,1.599986887,-0.565610687,0
955,39,39,39-a,39,pun,0,watt,knows,-0.750032,0.249689963,0
960,39,39,39-a,39,pun,0,watt,spark,0.669217971,-0.667509975,0
965,39,39,39-a,39,pun,0,watt,what's,-0.750032,1.727922581,0
0,40,40,40-a,40,pun,0,razor,razor,0,0,0
997,40,40,40-a,40,pun,0,razor,budget,-0.576139639,-0.304511824,0
999,40,40,40-a,40,pun,0,razor,fund,-0.729274222,0.810271506,0
1002,40,40,40-a,40,pun,0,razor,mayor,-0.795271193,-0.482292327,0
1005,40,40,40-a,40,pun,0,razor,slash,1.301105911,-0.899042296,0
1006,40,40,40-a,40,pun,0,razor,turned,-0.706402674,-0.628219204,0
1008,40,40,40-a,40,pun,0,razor,wanted,-0.461981485,-0.503213354,0
0,41,41,41-a,41,pun,0,knot,knot,0,0,0
1009,41,41,41-a,41,pun,0,knot,boyscouts,1.270743321,-0.764521658,0
1012,41,41,41-a,41,pun,0,knot,know,-0.671753276,-0.418404378,0
1014,41,41,41-a,41,pun,0,knot,ropes,1.821020782,-0.748587042,0
1015,41,41,41-a,41,pun,0,knot,tie,1.837738897,-0.658961115,0
0,42,42,42-a,42,pun,0,wood,wood,0,0,0
1023,42,42,42-a,42,pun,0,wood,ask,-0.74058236,0.281509494,0
1023,42,42,42-a,42,pun,0,wood,ask,-0.74058236,0.281509494,0
1030,42,42,42-a,42,pun,0,wood,trees,2.166448306,-0.589968992,0
0,43,43,43-a,43,pun,0,grader,grader,0,0,0
1039,43,43,43-a,43,pun,0,grader,afraid,-0.628551925,-0.660464671,0
1040,43,43,43-a,43,pun,0,grader,cheddar,-0.1587744,1.420513106,0
1041,43,43,43-a,43,pun,0,grader,cheese,0.057620908,1.660631265,0
1042,43,43,43-a,43,pun,0,grader,colby,-0.446397203,0.304746483,0
1044,43,43,43-a,43,pun,0,grader,jack,-0.518138013,-0.583510489,0
1045,43,43,43-a,43,pun,0,grader,jr,-0.465027397,-0.812516837,0
1046,43,43,43-a,43,pun,0,grader,person,0.508207023,-0.75143754,0
1047,43,43,43-a,43,pun,0,grader,school,1.38403971,-0.887355743,0
0,44,44,44-a,44,pun,0,eye,eye,0,0,0
1064,44,44,44-a,44,pun,0,eye,blind,1.633367495,-0.682200263,0
1067,44,44,44-a,44,pun,0,eye,see,1.716412583,-0.407484277,0
0,45,45,45-a,45,pun,0,cell,cell,0,0,0
1073,45,45,45-a,45,pun,0,cell,biology,1.899746806,-0.668966778,0
1076,45,45,45-a,45,pun,0,cell,keep,-0.167399992,0.284274609,0
1077,45,45,45-a,45,pun,0,cell,know,-0.600469468,-0.406087292,0
1080,45,45,45-a,45,pun,0,cell,program,-0.188208976,0.163641109,0
1081,45,45,45-a,45,pun,0,cell,whether,-0.70958237,-0.557729007,0
0,46,46,46-a,46,pun,0,scent,scent,0,0,0
1104,46,46,46-a,46,pun,0,scent,cost,-0.718257531,1.670044311,0
1106,46,46,46-a,46,pun,0,scent,get,-0.77925162,-0.590832723,0
1109,46,46,46-a,46,pun,0,scent,rid,-0.244247527,-0.686738689,0
1110,46,46,46-a,46,pun,0,scent,smell,2.062695781,-0.846756795,0
0,47,47,47-a,47,pun,0,course,course,0,0,0
1123,47,47,47-a,47,pun,0,course,class,1.427448953,-0.333612223,0
1125,47,47,47-a,47,pun,0,course,just,-0.51112576,-0.606275298,0
1126,47,47,47-a,47,pun,0,course,liking,-0.480204271,-0.687722396,0
1127,47,47,47-a,47,pun,0,course,rough,0.101915678,1.849272922,0
1129,47,47,47-a,47,pun,0,course,stick,-0.582361944,-0.381049564,0
1131,47,47,47-a,47,pun,0,course,tried,-0.151422091,-0.722080095,0
0,48,48,48-a,48,pun,0,deer,deer,0,0,0
1139,48,48,48-a,48,pun,0,deer,pet,0.228277311,0.1898141,0
1140,48,48,48-a,48,pun,0,deer,very,-0.82008547,-0.202505068,0
0,49,49,49-a,49,pun,0,bee,bee,0,0,0
1152,49,49,49-a,49,pun,0,bee,hive,1.99161332,-0.67396499,0
1154,49,49,49-a,49,pun,0,bee,long,-0.676077564,-0.371411379,0
1159,49,49,49-a,49,pun,0,bee,want,-0.543120328,-0.212850968,0
0,50,50,50-a,50,pun,0,brake,brake,0,0,0
1161,50,50,50-a,50,pun,0,brake,careful,0.678402617,0.065577869,0
1163,50,50,50-a,50,pun,0,brake,fast,0.659288052,0.481797687,0
1165,50,50,50-a,50,pun,0,brake,not,-0.701227256,-0.585134454,0
1167,50,50,50-a,50,pun,0,brake,really,-0.653005421,-0.433639757,0
1168,50,50,50-a,50,pun,0,brake,run,-0.036327434,0.360466076,0
0,51,51,51-a,51,pun,0,flour,flour,0,0,0
1181,51,51,51-a,51,pun,0,flour,brought,-0.558813333,0.069641627,0
1182,51,51,51-a,51,pun,0,flour,chef,1.383582874,-0.748757797,0
1183,51,51,51-a,51,pun,0,flour,day,-0.652054579,0.027390137,0
1185,51,51,51-a,51,pun,0,flour,girlfriend,-0.785812624,0.549974398,0
1188,51,51,51-a,51,pun,0,flour,pastry,1.813321928,-0.338104018,0
1192,51,51,51-a,51,pun,0,flour,valentine's,-0.564782772,1.36529413,0
0,52,52,52-a,52,pun,0,fare,fare,0,0,0
1217,52,52,52-a,52,pun,0,fare,driver,0.801534234,-0.431253583,0
1219,52,52,52-a,52,pun,0,fare,insisted,-0.667750995,-0.061648,0
1223,52,52,52-a,52,pun,0,fare,toll,1.556833585,0.367733434,0
1224,52,52,52-a,52,pun,0,fare,wasn't,-0.640278029,-0.035485422,0
0,53,53,53-a,53,pun,0,heel,heel,0,0,0
1234,53,53,53-a,53,pun,0,heel,foot,1.940974239,-0.087361429,0
1235,53,53,53-a,53,pun,0,heel,injured,0.057277285,1.472511115,0
1236,53,53,53-a,53,pun,0,heel,just,-0.824635495,-0.688196532,0
0,54,54,54-a,54,pun,0,hymn,hymn,0,0,0
1257,54,54,54-a,54,pun,0,hymn,perform,0.661800948,0.109566256,0
1258,54,54,54-a,54,pun,0,hymn,priest,1.136078096,0.835605283,0
1261,54,54,54-a,54,pun,0,hymn,song,1.83254005,-0.550481657,0
1262,54,54,54-a,54,pun,0,hymn,wrote,0.463668465,-0.268573499,0
0,55,55,55-a,55,pun,0,no's,no's,0,0,0
1272,55,55,55-a,55,pun,0,no's,best,-0.580979706,0.197022525,0
1274,55,55,55-a,55,pun,0,no's,mother,0.002822517,0.096348478,0
0,56,56,56-a,56,pun,0,inn,inn,0,0,0
1289,56,56,56-a,56,pun,0,inn,hotel,1.902320928,-0.065879193,0
1290,56,56,56-a,56,pun,0,inn,made,-0.564564491,-0.071033816,0
1292,56,56,56-a,56,pun,0,inn,sleep,1.426429404,-0.208159509,0
1293,56,56,56-a,56,pun,0,inn,stayed,0.708630598,0.302022196,0
1294,56,56,56-a,56,pun,0,inn,sure,-0.796065211,-0.314133727,0
0,57,57,57-a,57,pun,0,idol,idol,0,0,0
1307,57,57,57-a,57,pun,0,idol,celebrity,1.630079064,-0.497385494,0
1311,57,57,57-a,57,pun,0,idol,looking,-0.237904966,-0.067710448,0
1313,57,57,57-a,57,pun,0,idol,realized,-0.382846755,-0.71578071,0
1315,57,57,57-a,57,pun,0,idol,spent,-0.810311842,-0.533821451,0
1317,57,57,57-a,57,pun,0,idol,time,-0.582583342,0.693466411,0
1318,57,57,57-a,57,pun,0,idol,want,0.125242085,-0.65285615,0
0,58,58,58-a,58,pun,0,maid,maid,0,0,0
1325,58,58,58-a,58,pun,0,maid,clean,1.43335711,-0.217471608,0
1327,58,58,58-a,58,pun,0,maid,up,-0.636687235,0.028415389,0
1328,58,58,58-a,58,pun,0,maid,want,-0.346160818,-0.390418074,0
0,59,59,59-a,59,pun,0,nun,nun,0,0,0
1338,59,59,59-a,59,pun,0,nun,cared,0.258241812,-0.719476434,0
1339,59,59,59-a,59,pun,0,nun,church,1.511023217,-0.661351908,0
1342,59,59,59-a,59,pun,0,nun,new,-0.512519397,-0.636518895,0
1343,59,59,59-a,59,pun,0,nun,opened,-0.725367293,-0.694379985,0
0,60,60,60-a,60,pun,0,mourning,mourning,0,0,0
1354,60,60,60-a,60,pun,0,mourning,cried,1.519026606,-0.622012371,0
1359,60,60,60-a,60,pun,0,mourning,up,-0.130271793,0.98398147,0
1360,60,60,60-a,60,pun,0,mourning,woke,-0.343863179,1.54108883,0
0,61,61,61-a,61,pun,0,meat,meat,0,0,0
1362,61,61,61-a,61,pun,0,meat,butcher,1.86152445,-0.480239123,0
1364,61,61,61-a,61,pun,0,meat,glad,-0.624577141,0.214778506,0
1369,61,61,61-a,61,pun,0,meat,very,-0.750802155,-0.635296521,0
0,62,62,62-a,62,pun,0,reel,reel,0,0,0
1391,62,62,62-a,62,pun,0,reel,believe,-0.517334344,0.857271047,0
1392,62,62,62-a,62,pun,0,reel,caught,0.309116965,-0.65036339,0
1396,62,62,62-a,62,pun,0,reel,fisherman,1.367889734,-0.26450889,0
1401,62,62,62-a,62,pun,0,reel,think,-0.575037021,-0.281010289,0
0,63,63,63-a,63,pun,0,pear,pear,0,0,0
1414,63,63,63-a,63,pun,0,pear,brave,-0.784706099,-0.727246795,0
1415,63,63,63-a,63,pun,0,pear,enough,-0.742273829,-0.415330884,0
1416,63,63,63-a,63,pun,0,pear,farmer,0.818799098,-0.57056734,0
1417,63,63,63-a,63,pun,0,pear,fruit,1.888157498,-0.064065931,0
1418,63,63,63-a,63,pun,0,pear,grow,0.684217304,-0.085698222,0
0,64,64,64-a,64,pun,0,pray,pray,0,0,0
1422,64,64,64-a,64,pun,0,pray,birds,-0.31666961,0.980555011,0
1422,64,64,64-a,64,pun,0,pray,birds,-0.31666961,0.980555011,0
1428,64,64,64-a,64,pun,0,pray,parish,1.555833381,-0.329569116,0
0,65,65,65-a,65,pun,0,root,root,0,0,0
1437,65,65,65-a,65,pun,0,root,better,-0.653153598,-0.074700608,0
1438,65,65,65-a,65,pun,0,root,different,-0.628259539,0.072262058,0
1439,65,65,65-a,65,pun,0,root,farm,0.785424192,-0.324646459,0
1442,65,65,65-a,65,pun,0,root,make,-0.640564017,-0.136643945,0
1443,65,65,65-a,65,pun,0,root,take,-0.599633919,0.425023793,0
1444,65,65,65-a,65,pun,0,root,tree,1.261934181,-0.493103037,0
1447,65,65,65-a,65,pun,0,root,want,-0.821371667,-0.533964192,0
1448,65,65,65-a,65,pun,0,root,way,-0.54305294,1.57234326,0
0,66,66,1-a,1,depunned,0,prophet,prophet,0,0,0
25,66,66,1-a,1,depunned,0,prophet,nationalism,-0.058351208,-0.021314378,0
26,66,66,1-a,1,depunned,0,prophet,non,-0.650018431,0.76452703,0
27,66,66,1-a,1,depunned,0,prophet,organization,0.123608176,1.344302809,0
0,67,67,2-a,2,depunned,0,pi,pi,0,0,0
33,67,67,2-a,2,depunned,0,pi,get,-0.532050103,-0.213873793,0
34,67,67,2-a,2,depunned,0,pi,large,-0.196874277,0.203214357,0
41,67,67,2-a,2,depunned,0,pi,waistline,-0.7108886,0.520186144,0
0,68,68,3-a,3,depunned,0,knead,knead,0,0,0
56,68,68,3-a,3,depunned,0,knead,basis,-0.724020559,0.363879125,0
58,68,68,3-a,3,depunned,0,knead,cake,0.12823403,-0.555317628,0
63,68,68,3-a,3,depunned,0,knead,know,-0.664626706,-0.08894483,0
66,68,68,3-a,3,depunned,0,knead,mothers,-0.548335746,0.424642178,0
68,68,68,3-a,3,depunned,0,knead,recipes,1.004924966,-0.181518542,0
70,68,68,3-a,3,depunned,0,knead,trade,-0.58008783,0.499910519,0
0,69,69,4-a,4,depunned,0,oar,oar,0,0,0
89,69,69,4-a,4,depunned,0,oar,choose,-0.51196844,1.166963655,0
90,69,69,4-a,4,depunned,0,oar,customer,-0.718695956,-0.604678545,0
92,69,69,4-a,4,depunned,0,oar,either,-0.745201312,1.802274457,0
94,69,69,4-a,4,depunned,0,oar,indecisive,-0.736316505,0.924511546,0
95,69,69,4-a,4,depunned,0,oar,not,-0.73898887,0.061294261,0
0,70,70,5-a,5,depunned,0,tiers,tiers,0,0,0
129,70,70,5-a,5,depunned,0,tiers,emotional,-0.093719285,1.613409237,0
130,70,70,5-a,5,depunned,0,tiers,even,-0.21256834,-0.643260403,0
131,70,70,5-a,5,depunned,0,tiers,mother-in-law,-0.581648779,0.008489572,0
138,70,70,5-a,5,depunned,0,tiers,wedding,0.363679868,1.167013135,0
0,71,71,6-a,6,depunned,0,poll,poll,0,0,0
153,71,71,6-a,6,depunned,0,poll,conduct,0.79637133,-0.131050615,0
155,71,71,6-a,6,depunned,0,poll,country,-0.020817463,-0.441639232,0
156,71,71,6-a,6,depunned,0,poll,decided,0.888379398,-0.438823318,0
158,71,71,6-a,6,depunned,0,poll,gallup,0.685861504,0.133668179,0
159,71,71,6-a,6,depunned,0,poll,new,-0.30941208,-0.573021617,0
0,72,72,7-a,7,depunned,0,bored,bored,0,0,0
178,72,72,7-a,7,depunned,0,bored,chairman,-0.257766851,1.891566794,0
181,72,72,7-a,7,depunned,0,bored,executive,-0.232066116,1.514850716,0
182,72,72,7-a,7,depunned,0,bored,galas,-0.687181246,-0.540874047,0
0,73,73,8-a,8,depunned,0,greece,greece,0,0,0
199,73,73,8-a,8,depunned,0,greece,dolmas,0.557215052,-0.274341775,0
202,73,73,8-a,8,depunned,0,greece,know,-0.577456692,-0.669045928,0
203,73,73,8-a,8,depunned,0,greece,made,-0.564552226,-0.586369571,0
0,74,74,9-a,9,depunned,0,sine,sine,0,0,0
220,74,74,9-a,9,depunned,0,sine,above,-0.539975973,-0.011263401,0
222,74,74,9-a,9,depunned,0,sine,biology,-0.500066547,-0.394003312,0
226,74,74,9-a,9,depunned,0,sine,hoping,-0.763760078,-0.145123348,0
228,74,74,9-a,9,depunned,0,sine,prayed,-0.781460533,0.347605059,0
231,74,74,9-a,9,depunned,0,sine,tests,-0.122511114,-0.19480109,0
0,75,75,10-a,10,depunned,0,principal,principal,0,0,0
234,75,75,10-a,10,depunned,0,principal,church,-0.313258918,0.263537248,0
235,75,75,10-a,10,depunned,0,principal,disliked,-0.136515567,0.099790292,0
237,75,75,10-a,10,depunned,0,principal,john,-0.059251367,-0.438655141,0
238,75,75,10-a,10,depunned,0,principal,just,0.366797927,1.030609819,0
241,75,75,10-a,10,depunned,0,principal,not,-0.750032,-0.574541502,0
0,76,76,11-a,11,depunned,0,cd,cd,0,0,0
262,76,76,11-a,11,depunned,0,cd,grocery,-0.812398877,-0.325687241,0
265,76,76,11-a,11,depunned,0,cd,part,-0.422293117,-0.118107336,0
267,76,76,11-a,11,depunned,0,cd,stores,0.803521617,-0.392169307,0
268,76,76,11-a,11,depunned,0,cd,town,-0.67697029,-0.143891918,0
0,77,77,12-a,12,depunned,0,hare,hare,0,0,0
296,77,77,12-a,12,depunned,0,hare,got,-0.805884849,-0.523207923,0
299,77,77,12-a,12,depunned,0,hare,mad,-0.399919617,-0.399004337,0
301,77,77,12-a,12,depunned,0,hare,out,-0.832510067,-0.341957696,0
303,77,77,12-a,12,depunned,0,hare,professor,-0.809929124,-0.50178195,0
304,77,77,12-a,12,depunned,0,hare,pulled,-0.746881884,0.793711827,0
0,78,78,13-a,13,depunned,0,knotty,knotty,0,0,0
307,78,78,13-a,13,depunned,0,knotty,admonished,-0.648839231,0.304300529,0
308,78,78,13-a,13,depunned,0,knotty,apparently,-0.750032,-0.483787797,0
309,78,78,13-a,13,depunned,0,knotty,boy,-0.524156448,0.340873612,0
312,78,78,13-a,13,depunned,0,knotty,father,-0.795986539,-0.415566217,0
316,78,78,13-a,13,depunned,0,knotty,young,-0.639578699,0.14893242,0
0,79,79,14-a,14,depunned,0,taut,taut,0,0,0
342,79,79,14-a,14,depunned,0,taut,learn,-0.576975932,1.71226036,0
346,79,79,14-a,14,depunned,0,taut,skateboard,-0.758430767,0.04259686,0
348,79,79,14-a,14,depunned,0,taut,tricks,-0.474706301,0.383502192,0
0,80,80,15-a,15,depunned,0,marx,marx,0,0,0
361,80,80,15-a,15,depunned,0,marx,class,0.578105668,0.545062066,0
363,80,80,15-a,15,depunned,0,marx,dropped,-0.781460533,-0.166436781,0
368,80,80,15-a,15,depunned,0,marx,lousy,-0.700099018,-0.02914144,0
369,80,80,15-a,15,depunned,0,marx,math,-0.767959074,0.389682321,0
370,80,80,15-a,15,depunned,0,marx,out,-0.706776015,-0.468658789,0
0,81,81,16-a,16,depunned,0,hi,hi,0,0,0
373,81,81,16-a,16,depunned,0,hi,boy,-0.417689106,-0.437116177,0
375,81,81,16-a,16,depunned,0,hi,instinctively,-0.349854622,-0.38716255,0
376,81,81,16-a,16,depunned,0,hi,natural,-0.689691795,-0.157847829,0
378,81,81,16-a,16,depunned,0,hi,risks,-0.304743819,0.459151963,0
381,81,81,16-a,16,depunned,0,hi,takes,-0.693282177,-0.668717148,0
0,82,82,17-a,17,depunned,0,daze,daze,0,0,0
410,82,82,17-a,17,depunned,0,daze,end,-0.781159905,-0.001792814,0
411,82,82,17-a,17,depunned,0,daze,having,-0.930877055,-0.402625515,0
413,82,82,17-a,17,depunned,0,daze,longs,-0.340935657,-0.17518217,0
415,82,82,17-a,17,depunned,0,daze,school,-0.178407141,0.829777152,0
417,82,82,17-a,17,depunned,0,daze,teacher,-0.653580937,-0.010627663,0
418,82,82,17-a,17,depunned,0,daze,time,-0.436061797,1.575538749,0
419,82,82,17-a,17,depunned,0,daze,tough,-0.333186385,0.093878323,0
0,83,83,18-a,18,depunned,0,prose,prose,0,0,0
432,83,83,18-a,18,depunned,0,prose,bankers,-0.691174695,0.022727157,0
433,83,83,18-a,18,depunned,0,prose,cons,-0.587049833,1.562762916,0
435,83,83,18-a,18,depunned,0,prose,jail,-0.696797307,-0.674232177,0
0,84,84,19-a,19,depunned,0,plane,plane,0,0,0
455,84,84,19-a,19,depunned,0,plane,driving,-0.083360439,-0.610864636,0
456,84,84,19-a,19,depunned,0,plane,eat,-0.144761088,-0.226245133,0
457,84,84,19-a,19,depunned,0,plane,expect,-0.382682084,-0.672960552,0
458,84,84,19-a,19,depunned,0,plane,fancy,-0.202904824,0.324450008,0
461,84,84,19-a,19,depunned,0,plane,food,0.151330212,0.23343159,0
463,84,84,19-a,19,depunned,0,plane,not,-0.749886832,-0.288942001,0
0,85,85,20-a,20,depunned,0,dam,dam,0,0,0
466,85,85,20-a,20,depunned,0,dam,best,-0.739470846,-0.310985493,0
468,85,85,20-a,20,depunned,0,dam,ever,-0.714138324,-0.570525947,0
470,85,85,20-a,20,depunned,0,dam,horror,-0.572337553,0.336131541,0
472,85,85,20-a,20,depunned,0,dam,movie,-0.735985557,-0.585364406,0
472,85,85,20-a,20,depunned,0,dam,movie,-0.735985557,-0.585364406,0
473,85,85,20-a,20,depunned,0,dam,night,-0.520710889,-0.514829836,0
475,85,85,20-a,20,depunned,0,dam,saw,-0.307453941,-0.763361954,0
477,85,85,20-a,20,depunned,0,dam,seen,-0.690693545,-0.680358393,0
0,86,86,21-a,21,depunned,0,hertz,hertz,0,0,0
495,86,86,21-a,21,depunned,0,hertz,horse,-0.772358068,-0.473041096,0
499,86,86,21-a,21,depunned,0,hertz,slow,-0.302989984,-0.470437756,0
0,87,87,22-a,22,depunned,0,role,role,0,0,0
513,87,87,22-a,22,depunned,0,role,directors,1.313794948,0.161933505,0
515,87,87,22-a,22,depunned,0,role,great,-0.283150414,-0.515024286,0
518,87,87,22-a,22,depunned,0,role,movie,1.532476003,0.594719169,0
0,88,88,23-a,23,depunned,0,collar,collar,0,0,0
549,88,88,23-a,23,depunned,0,collar,id,0.40944158,1.368685278,0
550,88,88,23-a,23,depunned,0,collar,man,0.233988351,0.085463008,0
551,88,88,23-a,23,depunned,0,collar,name,-0.106902364,0.722813874,0
554,88,88,23-a,23,depunned,0,collar,pocket,0.491531192,-0.282536407,0
555,88,88,23-a,23,depunned,0,collar,put,-0.622695174,-0.719297165,0
557,88,88,23-a,23,depunned,0,collar,shirt,1.569426463,-0.621766767,0
0,89,89,24-a,24,depunned,0,steal,steal,0,0,0
559,89,89,24-a,24,depunned,0,steal,bodybuilders,-0.649597703,0.250448323,0
565,89,89,24-a,24,depunned,0,steal,muscles,-0.453849102,-0.143208756,0
0,90,90,25-a,25,depunned,0,dye,dye,0,0,0
597,90,90,25-a,25,depunned,0,dye,actress,-0.191653442,-0.37253657,0
605,90,90,25-a,25,depunned,0,dye,saw,-0.701321696,-0.302942596,0
608,90,90,25-a,25,depunned,0,dye,thought,-0.82578583,-0.598395341,0
610,90,90,25-a,25,depunned,0,dye,wrinkle,-0.271485603,-0.059769336,0
0,91,91,26-a,26,depunned,0,waist,waist,0,0,0
612,91,91,26-a,26,depunned,0,waist,cardboard,-0.76867622,0.720292439,0
614,91,91,26-a,26,depunned,0,waist,fort,-0.700031899,-0.684103355,0
616,91,91,26-a,26,depunned,0,waist,paper,-0.586922992,0.715106249,0
0,92,92,27-a,27,depunned,0,feet,feet,0,0,0
644,92,92,27-a,27,depunned,0,feet,able,-0.318576775,0.192267427,0
645,92,92,27-a,27,depunned,0,feet,being,-0.606391309,-0.32027531,0
647,92,92,27-a,27,depunned,0,feet,fit,-0.037323991,-0.561509507,0
648,92,92,27-a,27,depunned,0,feet,fourteen,0.377560615,-0.690051472,0
651,92,92,27-a,27,depunned,0,feet,pants,0.112402272,-0.603770822,0
653,92,92,27-a,27,depunned,0,feet,quite,-0.593675754,-0.190079146,0
656,92,92,27-a,27,depunned,0,feet,size,0.721870727,-0.45251572,0
0,93,93,28-a,28,depunned,0,aloud,aloud,0,0,0
675,93,93,28-a,28,depunned,0,aloud,intern,-0.802449265,-0.329641635,0
677,93,93,28-a,28,depunned,0,aloud,not,-0.538579436,-0.329427842,0
680,93,93,28-a,28,depunned,0,aloud,say,1.335776396,-0.033663658,0
684,93,93,28-a,28,depunned,0,aloud,wanted,-0.635801964,0.328884943,0
0,94,94,29-a,29,depunned,0,pail,pail,0,0,0
686,94,94,29-a,29,depunned,0,pail,burdens,-0.494173788,-0.696741771,0
687,94,94,29-a,29,depunned,0,pail,carry,0.829926254,-0.217803528,0
689,94,94,29-a,29,depunned,0,pail,feeling,-0.685825422,-0.256058431,0
694,94,94,29-a,29,depunned,0,pail,start,-0.712694931,-0.750168933,0
695,94,94,29-a,29,depunned,0,pail,those,-0.716689837,-0.83061309,0
0,95,95,30-a,30,depunned,0,manor,manor,0,0,0
725,95,95,30-a,30,depunned,0,manor,anchor,-0.544392635,-0.715960213,0
727,95,95,30-a,30,depunned,0,manor,family,0.646361356,0.026847491,0
732,95,95,30-a,30,depunned,0,manor,man's,-0.272675645,-0.295230845,0
733,95,95,30-a,30,depunned,0,manor,manor,2.17883931,-0.807980869,0
736,95,95,30-a,30,depunned,0,manor,speaking,-0.458717251,0.646434966,0
0,96,96,31-a,31,depunned,0,cache,cache,0,0,0
740,96,96,31-a,31,depunned,0,cache,chips,-0.819637414,0.7956559,0
741,96,96,31-a,31,depunned,0,cache,competitor,-0.568240514,-0.141558575,0
745,96,96,31-a,31,depunned,0,cache,ended,-0.603802302,-0.454443007,0
746,96,96,31-a,31,depunned,0,cache,online,1.029892406,-0.181050587,0
748,96,96,31-a,31,depunned,0,cache,poker,-0.2132602,1.316488685,0
751,96,96,31-a,31,depunned,0,cache,suddenly,-0.675640845,-0.56330868,0
753,96,96,31-a,31,depunned,0,cache,tournament,-0.729033819,0.755545695,0
0,97,97,32-a,32,depunned,0,reign,reign,0,0,0
786,97,97,32-a,32,depunned,0,reign,autumn,-0.481891487,1.09296528,0
787,97,97,32-a,32,depunned,0,reign,britain,1.042022668,0.061046913,0
793,97,97,32-a,32,depunned,0,reign,long,0.642961873,-0.350116242,0
795,97,97,32-a,32,depunned,0,reign,place,-0.024887767,-0.136697917,0
798,97,97,32-a,32,depunned,0,reign,wet,-0.759895853,2.093230813,0
0,98,98,33-a,33,depunned,0,thyme,thyme,0,0,0
801,98,98,33-a,33,depunned,0,thyme,extra,-0.718040206,0.421663016,0
804,98,98,33-a,33,depunned,0,thyme,gardeners,1.344828955,-0.444254531,0
805,98,98,33-a,33,depunned,0,thyme,get,-0.459086859,-0.3333092,0
811,98,98,33-a,33,depunned,0,thyme,tomato,0.508965321,-0.573106796,0
812,98,98,33-a,33,depunned,0,thyme,work,-0.633998157,0.870582592,0
0,99,99,34-a,34,depunned,0,pore,pore,0,0,0
842,99,99,34-a,34,depunned,0,pore,bad,-0.52912533,0.507396557,0
845,99,99,34-a,34,depunned,0,pore,excuse,-0.797260382,0.546949903,0
849,99,99,34-a,34,depunned,0,pore,say,-0.721007352,-0.598910423,0
849,99,99,34-a,34,depunned,0,pore,say,-0.721007352,-0.598910423,0
853,99,99,34-a,34,depunned,0,pore,teeth,-0.45572585,-0.014939574,0
0,100,100,35-a,35,depunned,0,gilt,gilt,0,0,0
856,100,100,35-a,35,depunned,0,gilt,complex,-0.330724331,0.662758497,0
863,100,100,35-a,35,depunned,0,gilt,like,-0.379747841,-0.621661154,0
864,100,100,35-a,35,depunned,0,gilt,paint,-0.023620318,-0.781460533,0
865,100,100,35-a,35,depunned,0,gilt,people,-0.302710537,0.305665447,0
867,100,100,35-a,35,depunned,0,gilt,purple,-0.687010578,-0.803089329,0
0,101,101,36-a,36,depunned,0,heir,heir,0,0,0
894,101,101,36-a,36,depunned,0,heir,careless,-0.407451013,1.378747103,0
0,102,102,37-a,37,depunned,0,son,son,0,0,0
904,102,102,37-a,37,depunned,0,son,got,-0.750504706,-0.646079413,0
906,102,102,37-a,37,depunned,0,son,only,0.055293382,-0.665076312,0
907,102,102,37-a,37,depunned,0,son,parrot,-0.712210007,-0.474117686,0
908,102,102,37-a,37,depunned,0,son,rest,-0.494602382,-0.515133451,0
0,103,103,38-a,38,depunned,0,c's,c's,0,0,0
921,103,103,38-a,38,depunned,0,c's,cannot,-0.561368366,-0.834120549,0
922,103,103,38-a,38,depunned,0,c's,choristers,-0.164473832,-0.568711897,0
925,103,103,38-a,38,depunned,0,c's,high,-0.577071422,1.15987515,0
926,103,103,38-a,38,depunned,0,c's,hit,-0.752815211,-0.617809813,0
927,103,103,38-a,38,depunned,0,c's,make,-0.583384169,-0.650018431,0
929,103,103,38-a,38,depunned,0,c's,novice,-0.620696349,-0.59044442,0
933,103,103,38-a,38,depunned,0,c's,singers,-0.351746838,-0.721792247,0
935,103,103,38-a,38,depunned,0,c's,terrible,-0.480278263,0.208366564,0
0,104,104,39-a,39,depunned,0,watt,watt,0,0,0
951,104,104,39-a,39,depunned,0,watt,bright,1.27752717,-0.808464664,0
955,104,104,39-a,39,depunned,0,watt,knows,-0.750032,0.249689963,0
958,104,104,39-a,39,depunned,0,watt,optometrist,-0.569010045,-0.808577347,0
960,104,104,39-a,39,depunned,0,watt,spark,0.669217971,-0.667509975,0
965,104,104,39-a,39,depunned,0,watt,what's,-0.750032,1.727922581,0
0,105,105,40-a,40,depunned,0,razor,razor,0,0,0
995,105,105,40-a,40,depunned,0,razor,balance,-0.528023149,-0.109023983,0
997,105,105,40-a,40,depunned,0,razor,budget,-0.576139639,-0.304511824,0
999,105,105,40-a,40,depunned,0,razor,fund,-0.729274222,0.810271506,0
1002,105,105,40-a,40,depunned,0,razor,mayor,-0.795271193,-0.482292327,0
1006,105,105,40-a,40,depunned,0,razor,turned,-0.706402674,-0.628219204,0
1008,105,105,40-a,40,depunned,0,razor,wanted,-0.461981485,-0.503213354,0
0,106,106,1-a,1,nonpun,0,prophet,prophet,0,0,0
16,106,106,1-a,1,nonpun,0,prophet,biblical,1.588613486,0.00843384,0
18,106,106,1-a,1,nonpun,0,prophet,daniel,0.940627052,-0.701428367,0
20,106,106,1-a,1,nonpun,0,prophet,dreams,0.673356808,-0.164648041,0
21,106,106,1-a,1,nonpun,0,prophet,interpreting,0.582899177,-0.448113581,0
22,106,106,1-a,1,nonpun,0,prophet,known,0.192213498,-0.483403419,0
0,107,107,2-a,2,nonpun,0,pi,pi,0,0,0
31,107,107,2-a,2,nonpun,0,pi,decimal,1.946459381,-0.161627302,0
36,107,107,2-a,2,nonpun,0,pi,number,2.058125293,-0.251554178,0
37,107,107,2-a,2,nonpun,0,pi,places,-0.326949086,-0.808465975,0
38,107,107,2-a,2,nonpun,0,pi,recite,-0.258052741,-0.720087113,0
39,107,107,2-a,2,nonpun,0,pi,ten,-0.015977827,-0.651001302,0
40,107,107,2-a,2,nonpun,0,pi,up,-0.721837908,-0.785131387,0
0,108,108,3-a,3,nonpun,0,knead,knead,0,0,0
55,108,108,3-a,3,nonpun,0,knead,bakers,1.643374608,-0.430311199,0
57,108,108,3-a,3,nonpun,0,knead,bread,1.618475041,-0.10745158,0
61,108,108,3-a,3,nonpun,0,knead,dough,1.859791531,-0.113527858,0
62,108,108,3-a,3,nonpun,0,knead,flour,1.425382654,-0.255373587,0
64,108,108,3-a,3,nonpun,0,knead,make,0.636051115,0.120106683,0
65,108,108,3-a,3,nonpun,0,knead,milk,-0.418691345,-0.051775025,0
69,108,108,3-a,3,nonpun,0,knead,together,0.501225391,-0.104110527,0
0,109,109,4-a,4,nonpun,0,oar,oar,0,0,0
91,109,109,4-a,4,nonpun,0,oar,dipped,0.221586022,-0.852013846,0
93,109,109,4-a,4,nonpun,0,oar,fisherman,1.476556042,-0.726638524,0
97,109,109,4-a,4,nonpun,0,oar,river,1.530371105,-0.662561266,0
0,110,110,5-a,5,nonpun,0,tiers,tiers,0,0,0
126,110,110,5-a,5,nonpun,0,tiers,boxes,0.104462145,-0.611327411,0
135,110,110,5-a,5,nonpun,0,tiers,stacked,1.336318496,-0.741184101,0
136,110,110,5-a,5,nonpun,0,tiers,warehouse,-0.156484324,-0.680878901,0
0,111,111,6-a,6,nonpun,0,poll,poll,0,0,0
152,111,111,6-a,6,nonpun,0,poll,candidates,1.181304086,0.061475531,0
154,111,111,6-a,6,nonpun,0,poll,conducted,1.061170681,-0.008450109,0
160,111,111,6-a,6,nonpun,0,poll,political,1.476234187,-0.000110261,0
161,111,111,6-a,6,nonpun,0,poll,pollsters,1.681635713,0.039322063,0
162,111,111,6-a,6,nonpun,0,poll,popularity,1.231242071,-0.277710497,0
0,112,112,7-a,7,nonpun,0,bored,bored,0,0,0
177,112,112,7-a,7,nonpun,0,bored,alone,0.824396373,-0.310851308,0
183,112,112,7-a,7,nonpun,0,bored,man,0.075873275,-0.552081009,0
186,112,112,7-a,7,nonpun,0,bored,old,-0.124639356,-0.386292183,0
187,112,112,7-a,7,nonpun,0,bored,tears,0.032180425,-0.578013409,0
188,112,112,7-a,7,nonpun,0,bored,time,0.213716977,-0.526247032,0
0,113,113,8-a,8,nonpun,0,greece,greece,0,0,0
198,113,113,8-a,8,nonpun,0,greece,country,1.617425629,-0.633069495,0
201,113,113,8-a,8,nonpun,0,greece,europe,1.506384042,-0.489292516,0
205,113,113,8-a,8,nonpun,0,greece,portion,-0.758430767,-0.488504997,0
206,113,113,8-a,8,nonpun,0,greece,southern,0.196191163,-0.152857904,0
0,114,114,9-a,9,nonpun,0,sine,sine,0,0,0
221,114,114,9-a,9,nonpun,0,sine,angle,0.779476881,-0.000985124,0
225,114,114,9-a,9,nonpun,0,sine,function,1.019378722,0.439681017,0
225,114,114,9-a,9,nonpun,0,sine,function,1.019378722,0.439681017,0
227,114,114,9-a,9,nonpun,0,sine,mathematics,1.447036089,0.848639387,0
0,115,115,10-a,10,nonpun,0,principal,principal,0,0,0
236,115,115,10-a,10,nonpun,0,principal,high,0.108839565,0.202188802,0
239,115,115,10-a,10,nonpun,0,principal,local,0.004982895,-0.32475094,0
240,115,115,10-a,10,nonpun,0,principal,ms,-0.180238084,-0.055012292,0
243,115,115,10-a,10,nonpun,0,principal,school,1.99747003,1.0686167,0
244,115,115,10-a,10,nonpun,0,principal,wu,-0.670427616,-0.798160808,0
0,116,116,11-a,11,nonpun,0,cd,cd,0,0,0
258,116,116,11-a,11,nonpun,0,cd,bought,0.357280404,-0.811990726,0
259,116,116,11-a,11,nonpun,0,cd,classical,0.754552945,-0.585794569,0
263,116,116,11-a,11,nonpun,0,cd,music,1.794118677,-0.31297692,0
264,116,116,11-a,11,nonpun,0,cd,new,0.196711267,-0.522052794,0
0,117,117,12-a,12,nonpun,0,hare,hare,0,0,0
295,117,117,12-a,12,nonpun,0,hare,fields,0.461547832,-0.568333956,0
305,117,117,12-a,12,nonpun,0,hare,ran,0.445048512,-0.52966093,0
306,117,117,12-a,12,nonpun,0,hare,rapidly,0.3918974,-0.642455018,0
0,118,118,13-a,13,nonpun,0,knotty,knotty,0,0,0
310,118,118,13-a,13,nonpun,0,knotty,cabin,-0.149091224,-0.53523303,0
313,118,118,13-a,13,nonpun,0,knotty,made,-0.509212612,-0.625273489,0
314,118,118,13-a,13,nonpun,0,knotty,pine,-0.160851791,-0.793461446,0
0,119,119,14-a,14,nonpun,0,taut,taut,0,0,0
338,119,119,14-a,14,nonpun,0,taut,between,-0.287709939,-0.666184019,0
339,119,119,14-a,14,nonpun,0,taut,clothesline,0.552306178,-0.543429494,0
341,119,119,14-a,14,nonpun,0,taut,hangs,0.243455661,-0.58754546,0
344,119,119,14-a,14,nonpun,0,taut,poles,-0.286158353,-0.735985557,0
0,120,120,15-a,15,nonpun,0,marx,marx,0,0,0
364,120,120,15-a,15,nonpun,0,marx,german,0.913342961,0.259296529,0
367,120,120,15-a,15,nonpun,0,marx,karl,1.430994181,-0.390664933,0
371,120,120,15-a,15,nonpun,0,marx,philosopher,1.553897502,-0.477807527,0
0,121,121,16-a,16,nonpun,0,hi,hi,0,0,0
379,121,121,16-a,16,nonpun,0,hi,say,0.761917936,-0.470898835,0
383,121,121,16-a,16,nonpun,0,hi,waved,1.72973703,-0.148802992,0
0,122,122,17-a,17,nonpun,0,daze,daze,0,0,0
409,122,122,17-a,17,nonpun,0,daze,bad,-0.184595357,0.537602261,0
412,122,122,17-a,17,nonpun,0,daze,learning,-0.690780761,-0.155835821,0
414,122,122,17-a,17,nonpun,0,daze,news,-0.567643796,0.281946675,0
0,123,123,18-a,18,nonpun,0,prose,prose,0,0,0
434,123,123,18-a,18,nonpun,0,prose,essays,0.920121128,-0.418043865,0
437,123,123,18-a,18,nonpun,0,prose,novels,1.42068533,-0.518240741,0
440,123,123,18-a,18,nonpun,0,prose,written,1.32796995,-0.421870713,0
0,124,124,19-a,19,nonpun,0,plane,plane,0,0,0
453,124,124,19-a,19,nonpun,0,plane,airport,1.712579248,-0.545519339,0
462,124,124,19-a,19,nonpun,0,plane,landed,1.050391062,-0.538243281,0
0,125,125,20-a,20,nonpun,0,dam,dam,0,0,0
465,125,125,20-a,20,nonpun,0,dam,beaver,1.758858353,0.156040259,0
467,125,125,20-a,20,nonpun,0,dam,building,0.367174398,-0.539332626,0
471,125,125,20-a,20,nonpun,0,dam,logs,1.430668256,-0.121952542,0
478,125,125,20-a,20,nonpun,0,dam,sticks,0.317012934,-0.686561865,0
0,126,126,21-a,21,nonpun,0,hertz,hertz,0,0,0
493,126,126,21-a,21,nonpun,0,hertz,computer,1.118191817,-0.50140918,0
497,126,126,21-a,21,nonpun,0,hertz,mega,0.779173478,-0.57167944,0
498,126,126,21-a,21,nonpun,0,hertz,processing,0.683483218,-0.540497833,0
500,126,126,21-a,21,nonpun,0,hertz,speed,0.178786499,-0.301454813,0
501,126,126,21-a,21,nonpun,0,hertz,thirty-three,-0.258263208,-0.762184863,0
0,127,127,22-a,22,nonpun,0,role,role,0,0,0
516,127,127,22-a,22,nonpun,0,role,leading,0.504945154,-0.357426361,0
519,127,127,22-a,22,nonpun,0,role,plays,1.250637128,0.634214361,0
520,127,127,22-a,22,nonpun,0,role,show,0.452865957,-0.676772085,0
522,127,127,22-a,22,nonpun,0,role,television,0.73476784,-0.401643565,0
0,128,128,23-a,23,nonpun,0,collar,collar,0,0,0
548,128,128,23-a,23,nonpun,0,collar,dog,1.711357399,-0.381415794,0
556,128,128,23-a,23,nonpun,0,collar,puts,-0.513290301,-0.526046813,0
558,128,128,23-a,23,nonpun,0,collar,walking,0.767337859,-0.699444316,0
0,129,129,24-a,24,nonpun,0,steal,steal,0,0,0
560,129,129,24-a,24,nonpun,0,steal,boy,-0.319930983,-0.587491171,0
561,129,129,24-a,24,nonpun,0,steal,candy,-0.094536379,-0.781460533,0
562,129,129,24-a,24,nonpun,0,steal,decided,-0.465451553,-0.568402974,0
563,129,129,24-a,24,nonpun,0,steal,friend's,-0.56195865,-0.520115981,0
566,129,129,24-a,24,nonpun,0,steal,not,-0.189663551,-0.723041821,0
569,129,129,24-a,24,nonpun,0,steal,wanted,0.492795816,-0.618644422,0
0,130,130,25-a,25,nonpun,0,dye,dye,0,0,0
600,130,130,25-a,25,nonpun,0,dye,hair,1.523473926,-0.704851099,0
602,130,130,25-a,25,nonpun,0,dye,like,-0.781460533,-0.619684429,0
603,130,130,25-a,25,nonpun,0,dye,not,-0.770518333,-0.324320723,0
604,130,130,25-a,25,nonpun,0,dye,people,-0.26904247,1.357481,0
0,131,131,26-a,26,nonpun,0,waist,waist,0,0,0
611,131,131,26-a,26,nonpun,0,waist,belt,1.597962543,-0.347338501,0
615,131,131,26-a,26,nonpun,0,waist,look,-0.588764329,-0.72069838,0
617,131,131,26-a,26,nonpun,0,waist,small,0.54555294,-0.590623453,0
619,131,131,26-a,26,nonpun,0,waist,tiny,0.817679802,-0.534166992,0
0,132,132,27-a,27,nonpun,0,feet,feet,0,0,0
649,132,132,27-a,27,nonpun,0,feet,hurting,0.399656575,-0.487295336,0
650,132,132,27-a,27,nonpun,0,feet,new,-0.68535866,-0.374702209,0
655,132,132,27-a,27,nonpun,0,feet,shoes,1.661397429,-0.582987908,0
658,132,132,27-a,27,nonpun,0,feet,these,-0.326401163,-0.748009219,0
0,133,133,28-a,28,nonpun,0,aloud,aloud,0,0,0
673,133,133,28-a,28,nonpun,0,aloud,class,-0.247762261,-0.08337789,0
678,133,133,28-a,28,nonpun,0,aloud,poem,0.285366535,-0.648521192,0
679,133,133,28-a,28,nonpun,0,aloud,read,1.011726584,-0.384072101,0
682,133,133,28-a,28,nonpun,0,aloud,student,-0.31438722,-0.392756171,0
0,134,134,29-a,29,nonpun,0,pail,pail,0,0,0
688,134,134,29-a,29,nonpun,0,pail,clean,0.454193468,0.108252618,0
690,134,134,29-a,29,nonpun,0,pail,filled,0.640365217,-0.465606583,0
691,134,134,29-a,29,nonpun,0,pail,floor,-0.027157293,-0.542267553,0
696,134,134,29-a,29,nonpun,0,pail,water,1.506103593,-0.205510526,0
697,134,134,29-a,29,nonpun,0,pail,worker,-0.140034506,-0.407722609,0
0,135,135,30-a,30,nonpun,0,manor,manor,0,0,0
730,135,135,30-a,30,nonpun,0,manor,huge,0.769933737,-0.319066113,0
731,135,135,30-a,30,nonpun,0,manor,live,0.878267984,-0.08509899,0
735,135,135,30-a,30,nonpun,0,manor,people,0.015243503,0.361364864,0
737,135,135,30-a,30,nonpun,0,manor,those,-0.812234947,-0.5937837,0
738,135,135,30-a,30,nonpun,0,manor,wealthy,1.284905544,-0.276843416,0
0,136,136,31-a,31,nonpun,0,cache,cache,0,0,0
743,136,136,31-a,31,nonpun,0,cache,copies,-0.02172846,-0.192477378,0
744,136,136,31-a,31,nonpun,0,cache,database,0.776424805,-0.34122505,0
747,136,136,31-a,31,nonpun,0,cache,pages,0.137738536,-0.513410638,0
750,136,136,31-a,31,nonpun,0,cache,stored,0.829207849,-0.233318436,0
754,136,136,31-a,31,nonpun,0,cache,web,0.810127394,-0.279163973,0
0,137,137,32-a,32,nonpun,0,reign,reign,0,0,0
789,137,137,32-a,32,nonpun,0,reign,ended,0.005525581,-0.342900913,0
791,137,137,32-a,32,nonpun,0,reign,heir,1.112214591,-0.710023942,0
792,137,137,32-a,32,nonpun,0,reign,king's,1.776843753,-0.66841483,0
797,137,137,32-a,32,nonpun,0,reign,took,-0.113320681,-0.620418969,0
0,138,138,33-a,33,nonpun,0,thyme,thyme,0,0,0
799,138,138,33-a,33,nonpun,0,thyme,chicken,0.702699467,-0.803956786,0
800,138,138,33-a,33,nonpun,0,thyme,creamy,-0.373157708,-0.78174645,0
802,138,138,33-a,33,nonpun,0,thyme,favorite,-0.757130331,-0.205737968,0
803,138,138,33-a,33,nonpun,0,thyme,flavored,0.720140546,-0.744399398,0
808,138,138,33-a,33,nonpun,0,thyme,meals,0.684309848,0.511392483,0
810,138,138,33-a,33,nonpun,0,thyme,sauce,0.675274507,-0.618491916,0
0,139,139,34-a,34,nonpun,0,pore,pore,0,0,0
848,139,139,34-a,34,nonpun,0,pore,opening,1.292710947,-0.592816125,0
850,139,139,34-a,34,nonpun,0,pore,skin,1.711512432,-0.24986229,0
851,139,139,34-a,34,nonpun,0,pore,small,0.506945942,0.125812672,0
852,139,139,34-a,34,nonpun,0,pore,surface,0.729637206,-0.634197082,0
854,139,139,34-a,34,nonpun,0,pore,very,-0.758430767,0.113791966,0
0,140,140,35-a,35,nonpun,0,gilt,gilt,0,0,0
857,140,140,35-a,35,nonpun,0,gilt,covered,-0.202184731,-0.201921939,0
859,140,140,35-a,35,nonpun,0,gilt,frame,0.224066754,0.159816498,0
0,141,141,36-a,36,nonpun,0,heir,heir,0,0,0
893,141,141,36-a,36,nonpun,0,heir,british,0.9746296,-0.391015792,0
896,141,141,36-a,36,nonpun,0,heir,prince,1.47974664,-0.690269368,0
899,141,141,36-a,36,nonpun,0,heir,throne,1.706785224,-0.698889214,0
900,141,141,36-a,36,nonpun,0,heir,william,0.295560352,-0.540397823,0
0,142,142,37-a,37,nonpun,0,son,son,0,0,0
902,142,142,37-a,37,nonpun,0,son,daughter,1.763125915,-0.630705819,0
0,143,143,38-a,38,nonpun,0,c's,c's,0,0,0
923,143,143,38-a,38,nonpun,0,c's,even,-0.499558249,-0.111298652,0
924,143,143,38-a,38,nonpun,0,c's,hard,-0.714930737,-0.044966371,0
925,143,143,38-a,38,nonpun,0,c's,high,-0.577071422,1.15987515,0
932,143,143,38-a,38,nonpun,0,c's,sing,-0.060591239,-0.611618683,0
934,143,143,38-a,38,nonpun,0,c's,soprano,-0.539602268,-0.671420259,0
0,144,144,39-a,39,nonpun,0,watt,watt,0,0,0
952,144,144,39-a,39,nonpun,0,watt,bulb,1.920607166,-0.602217742,0
953,144,144,39-a,39,nonpun,0,watt,desk,-0.457721811,-0.773342724,0
956,144,144,39-a,39,nonpun,0,watt,lamp,1.321393571,-0.69598325,0
957,144,144,39-a,39,nonpun,0,watt,light,1.79124009,-0.495548786,0
959,144,144,39-a,39,nonpun,0,watt,sixty,1.02910921,-0.825991955,0
964,144,144,39-a,39,nonpun,0,watt,uses,-0.311913495,-0.208917873,0
0,145,145,40-a,40,nonpun,0,razor,razor,0,0,0
996,145,145,40-a,40,nonpun,0,razor,beard,1.686142323,-0.610927675,0
1004,145,145,40-a,40,nonpun,0,razor,shave,1.763154924,-0.634807828,0
1007,145,145,40-a,40,nonpun,0,razor,used,0.323571408,-0.552589093,0
0,146,146,41-a,41,nonpun,0,knot,knot,0,0,0
1010,146,146,41-a,41,nonpun,0,knot,double,0.739134619,-0.957397723,0
1011,146,146,41-a,41,nonpun,0,knot,easy,-0.391155438,-0.106180819,0
1015,146,146,41-a,41,nonpun,0,knot,tie,1.837738897,-0.658961115,0
0,147,147,42-a,42,nonpun,0,wood,wood,0,0,0
1025,147,147,42-a,42,nonpun,0,wood,get,-0.301585774,-0.316938295,0
1030,147,147,42-a,42,nonpun,0,wood,trees,2.166448306,-0.589968992,0
0,148,148,43-a,43,nonpun,0,grader,grader,0,0,0
1043,148,148,43-a,43,nonpun,0,grader,hired,-0.196140338,-0.688166297,0
1048,148,148,43-a,43,nonpun,0,grader,score,1.456913574,-0.483996304,0
1050,148,148,43-a,43,nonpun,0,grader,tests,1.239366364,-0.830644844,0
0,149,149,44-a,44,nonpun,0,eye,eye,0,0,0
1066,149,149,44-a,44,nonpun,0,eye,poked,1.069338754,-0.808131183,0
0,150,150,45-a,45,nonpun,0,cell,cell,0,0,0
1073,150,150,45-a,45,nonpun,0,cell,biology,1.899746806,-0.668966778,0
1078,150,150,45-a,45,nonpun,0,cell,learned,-0.383796696,-0.513759403,0
1082,150,150,45-a,45,nonpun,0,cell,works,-0.234275681,0.283345321,0
0,151,151,46-a,46,nonpun,0,scent,scent,0,0,0
1112,151,151,46-a,46,nonpun,0,scent,unpleasant,0.457821941,-0.810026414,0
0,152,152,47-a,47,nonpun,0,course,course,0,0,0
1128,152,152,47-a,47,nonpun,0,course,school,1.619394573,-0.208046982,0
1130,152,152,47-a,47,nonpun,0,course,took,0.543846748,-0.520769838,0
0,153,153,48-a,48,nonpun,0,deer,deer,0,0,0
1137,153,153,48-a,48,nonpun,0,deer,forest,1.472165421,-0.564228102,0
0,154,154,49-a,49,nonpun,0,bee,bee,0,0,0
1151,154,154,49-a,49,nonpun,0,bee,angry,0.221877067,0.052633205,0
1153,154,154,49-a,49,nonpun,0,bee,honey,1.842053559,-0.528261049,0
1156,154,154,49-a,49,nonpun,0,bee,steal,-0.728146168,-0.735489128,0
1157,154,154,49-a,49,nonpun,0,bee,stung,1.794922544,-0.580402332,0
1158,154,154,49-a,49,nonpun,0,bee,tried,-0.639042341,-0.305108788,0
0,155,155,50-a,50,nonpun,0,brake,brake,0,0,0
1162,155,155,50-a,50,nonpun,0,brake,cars,1.804849918,0.028044041,0
1169,155,155,50-a,50,nonpun,0,brake,slowly,0.825203011,-0.208863457,0
0,156,156,51-a,51,nonpun,0,flour,flour,0,0,0
1180,156,156,51-a,51,nonpun,0,flour,baking,1.223055747,-0.575903516,0
1184,156,156,51-a,51,nonpun,0,flour,different,-0.658578307,-0.504582606,0
1187,156,156,51-a,51,nonpun,0,flour,kinds,-0.421216307,0.03446625,0
1191,156,156,51-a,51,nonpun,0,flour,use,-0.213368815,-0.419227853,0
0,157,157,52-a,52,nonpun,0,fare,fare,0,0,0
1221,157,157,52-a,52,nonpun,0,fare,paid,1.159565545,-0.027407556,0
0,158,158,53-a,53,nonpun,0,heel,heel,0,0,0
1233,158,158,53-a,53,nonpun,0,heel,bruised,0.293676601,1.118415119,0
1239,158,158,53-a,53,nonpun,0,heel,walking,1.670247066,0.091783129,0
0,159,159,54-a,54,nonpun,0,hymn,hymn,0,0,0
1253,159,159,54-a,54,nonpun,0,hymn,church,1.689324454,0.352158611,0
1259,159,159,54-a,54,nonpun,0,hymn,sang,1.569489363,-0.505817434,0
0,160,160,55-a,55,nonpun,0,no's,no's,0,0,0
1271,160,160,55-a,55,nonpun,0,no's,answered,0.415864512,1.265951772,0
1275,160,160,55-a,55,nonpun,0,no's,string,-0.707908246,-0.732012509,0
0,161,161,56-a,56,nonpun,0,inn,inn,0,0,0
1293,161,161,56-a,56,nonpun,0,inn,stayed,0.708630598,0.302022196,0
0,162,162,57-a,57,nonpun,0,idol,idol,0,0,0
1309,162,162,57-a,57,nonpun,0,idol,famous,1.566587652,-0.405166975,0
1312,162,162,57-a,57,nonpun,0,idol,movie,1.063241676,-0.326844709,0
1316,162,162,57-a,57,nonpun,0,idol,star,1.585715064,-0.250163244,0
0,163,163,58-a,58,nonpun,0,maid,maid,0,0,0
1325,163,163,58-a,58,nonpun,0,maid,clean,1.43335711,-0.217471608,0
1326,163,163,58-a,58,nonpun,0,maid,hired,0.943186677,-0.211003158,0
0,164,164,59-a,59,nonpun,0,nun,nun,0,0,0
1340,164,164,59-a,59,nonpun,0,nun,kind,0.67936669,-0.709886221,0
1344,164,164,59-a,59,nonpun,0,nun,pious,0.884351047,-0.425583558,0
1346,164,164,59-a,59,nonpun,0,nun,very,-0.849311361,-0.430725528,0
0,165,165,60-a,60,nonpun,0,mourning,mourning,0,0,0
1355,165,165,60-a,60,nonpun,0,mourning,died,1.629802491,-0.607965686,0
1356,165,165,60-a,60,nonpun,0,mourning,loved,0.73364003,-0.364996225,0
0,166,166,61-a,61,nonpun,0,meat,meat,0,0,0
1365,166,166,61-a,61,nonpun,0,meat,like,-0.395840073,0.057354067,0
1368,166,166,61-a,61,nonpun,0,meat,vegetarians,0.604443795,-0.641859781,0
0,167,167,62-a,62,nonpun,0,reel,reel,0,0,0
1395,167,167,62-a,62,nonpun,0,reel,fish,1.640762987,-0.402162931,0
1399,167,167,62-a,62,nonpun,0,reel,need,-0.762973747,-0.282585301,0
0,168,168,63-a,63,nonpun,0,pear,pear,0,0,0
1412,168,168,63-a,63,nonpun,0,pear,apples,1.278435678,-0.06388065,0
1413,168,168,63-a,63,nonpun,0,pear,ate,1.144401446,-0.624965138,0
0,169,169,64-a,64,nonpun,0,pray,pray,0,0,0
1421,169,169,64-a,64,nonpun,0,pray,bed,0.277633309,-0.568121694,0
1423,169,169,64-a,64,nonpun,0,pray,christians,1.829803433,-0.448843181,0
1424,169,169,64-a,64,nonpun,0,pray,customary,-0.307313326,-0.523897592,0
0,170,170,65-a,65,nonpun,0,root,root,0,0,0
1445,170,170,65-a,65,nonpun,0,root,tree's,1.69774838,-0.351945419,0
1446,170,170,65-a,65,nonpun,0,root,tripped,-0.180136938,-0.492415474,0
0,171,171,1-b,1,nonpun,0,profit,profit,0,0,0
3,171,171,1-b,1,nonpun,0,profit,business,1.82224455,-0.65142243,0
5,171,171,1-b,1,nonpun,0,profit,dollars,1.743815347,-0.349161485,0
9,171,171,1-b,1,nonpun,0,profit,made,0.91419155,-0.124358304,0
10,171,171,1-b,1,nonpun,0,profit,million,1.246970119,-0.554897705,0
14,171,171,1-b,1,nonpun,0,profit,year,0.650043035,-0.162742635,0
0,172,172,2-b,2,nonpun,0,pie,pie,0,0,0
42,172,172,2-b,2,nonpun,0,pie,apple,1.77905018,-0.721939114,0
45,172,172,2-b,2,nonpun,0,pie,dessert,1.681425152,-0.365230948,0
48,172,172,2-b,2,nonpun,0,pie,like,-0.047714652,-0.489360978,0
0,173,173,3-b,3,nonpun,0,need,need,0,0,0
75,173,173,3-b,3,nonpun,0,need,company,0.051266325,-0.69822364,0
76,173,173,3-b,3,nonpun,0,need,computer,-0.175595364,-0.590439133,0
83,173,173,3-b,3,nonpun,0,need,programmers,-0.279855399,-0.634197082,0
0,174,174,4-b,4,nonpun,0,or,or,0,0,0
100,174,174,4-b,4,nonpun,0,or,car,-0.646480239,-0.562531637,0
101,174,174,4-b,4,nonpun,0,or,care,-0.702338021,-0.750032,0
109,174,174,4-b,4,nonpun,0,or,problems,-0.750977777,-0.706748926,0
112,174,174,4-b,4,nonpun,0,or,take,-0.691946271,-0.660505036,0
0,175,175,5-b,5,nonpun,0,tears,tears,0,0,0
115,175,175,5-b,5,nonpun,0,tears,cheeks,1.51407894,-0.732534456,0
119,175,175,5-b,5,nonpun,0,tears,movie,0.324767813,-0.455543802,0
120,175,175,5-b,5,nonpun,0,tears,ran,-0.065024853,-0.667817315,0
121,175,175,5-b,5,nonpun,0,tears,sad,1.6796432,-0.407993765,0
124,175,175,5-b,5,nonpun,0,tears,watched,-0.030077993,-0.617240943,0
0,176,176,6-b,6,nonpun,0,pole,pole,0,0,0
144,176,176,6-b,6,nonpun,0,pole,flag,1.600043247,0.519522756,0
150,176,176,6-b,6,nonpun,0,pole,raised,-0.033473475,-0.248146517,0
151,176,176,6-b,6,nonpun,0,pole,up,0.261924936,-0.399628572,0
0,177,177,7-b,7,nonpun,0,board,board,0,0,0
167,177,177,7-b,7,nonpun,0,board,company's,1.017920054,-0.4950691,0
168,177,177,7-b,7,nonpun,0,board,directors,1.174703046,-0.569948845,0
172,177,177,7-b,7,nonpun,0,board,meeting,1.321483146,0.440926303,0
0,178,178,8-b,8,nonpun,0,grease,grease,0,0,0
195,178,178,8-b,8,nonpun,0,grease,plate,0.63160784,-0.424750336,0
0,179,179,9-b,9,nonpun,0,sign,sign,0,0,0
210,179,179,9-b,9,nonpun,0,sign,boutique,0.347168404,-0.597703234,0
211,179,179,9-b,9,nonpun,0,sign,clothes,-0.638889498,-0.819844606,0
216,179,179,9-b,9,nonpun,0,sign,says,0.959917174,-0.774731927,0
217,179,179,9-b,9,nonpun,0,sign,store,0.932149163,-0.794210031,0
0,180,180,10-b,10,nonpun,0,principle,principle,0,0,0
245,180,180,10-b,10,nonpun,0,principle,believe,0.570955939,0.105723192,0
254,180,180,10-b,10,nonpun,0,principle,physics,0.758149069,0.457736549,0
0,181,181,11-b,11,nonpun,0,seedy,seedy,0,0,0
270,181,181,11-b,11,nonpun,0,seedy,bar,0.441356094,-0.775614671,0
273,181,181,11-b,11,nonpun,0,seedy,drunken,0.081083372,-0.685244163,0
274,181,181,11-b,11,nonpun,0,seedy,full,-0.609255664,-0.072954451,0
279,181,181,11-b,11,nonpun,0,seedy,people,-0.336843937,-0.38802841,0
282,181,181,11-b,11,nonpun,0,seedy,unwashed,0.412283929,-0.765760207,0
0,182,182,12-b,12,nonpun,0,hair,hair,0,0,0
285,182,182,12-b,12,nonpun,0,hair,heads,2.008648242,-0.410983759,0
286,182,182,12-b,12,nonpun,0,hair,lots,0.016372087,-0.731424204,0
290,182,182,12-b,12,nonpun,0,hair,people,1.008991155,-0.560435519,0
0,183,183,13-b,13,nonpun,0,naughty,naughty,0,0,0
319,183,183,13-b,13,nonpun,0,naughty,boy,0.340873612,-0.524156448,0
321,183,183,13-b,13,nonpun,0,naughty,child,0.360216669,-0.570673267,0
0,184,184,14-b,14,nonpun,0,taught,taught,0,0,0
329,184,184,14-b,14,nonpun,0,taught,college,0.759114146,-0.700981929,0
332,184,184,14-b,14,nonpun,0,taught,mathematics,1.147346875,-0.471036256,0
336,184,184,14-b,14,nonpun,0,taught,students,1.536200491,-0.699906939,0
0,185,185,15-b,15,nonpun,0,marks,marks,0,0,0
353,185,185,15-b,15,nonpun,0,marks,got,-0.550880909,-0.663951471,0
354,185,185,15-b,15,nonpun,0,marks,high,0.712761434,-0.599170228,0
354,185,185,15-b,15,nonpun,0,marks,high,0.712761434,-0.599170228,0
360,185,185,15-b,15,nonpun,0,marks,school,1.006779042,-0.292501088,0
0,186,186,16-b,16,nonpun,0,high,high,0,0,0
386,186,186,16-b,16,nonpun,0,high,feet,0.210251748,-0.478992775,0
392,186,186,16-b,16,nonpun,0,high,statue,0.710567146,-0.655649086,0
394,186,186,16-b,16,nonpun,0,high,ten,0.111443636,-0.577530167,0
0,187,187,17-b,17,nonpun,0,days,days,0,0,0
404,187,187,17-b,17,nonpun,0,days,seven,0.89747462,-0.804114924,0
408,187,187,17-b,17,nonpun,0,days,week,1.888258478,-0.620947694,0
0,188,188,18-b,18,nonpun,0,pros,pros,0,0,0
423,188,188,18-b,18,nonpun,0,pros,cons,1.562762916,-0.587049833,0
426,188,188,18-b,18,nonpun,0,pros,networking,-0.050376801,-0.483010617,0
428,188,188,18-b,18,nonpun,0,pros,sites,-0.46302653,-0.641951532,0
429,188,188,18-b,18,nonpun,0,pros,social,-0.481973908,-0.133220543,0
0,189,189,19-b,19,nonpun,0,plain,plain,0,0,0
442,189,189,19-b,19,nonpun,0,plain,beautiful,0.544398343,-0.193695926,0
447,189,189,19-b,19,nonpun,0,plain,felt,-0.295630453,-0.781460533,0
452,189,189,19-b,19,nonpun,0,plain,sister,-0.530564157,-0.764773611,0
0,190,190,20-b,20,nonpun,0,damn,damn,0,0,0
483,190,190,20-b,20,nonpun,0,damn,give,-0.107603886,-0.238960042,0
488,190,190,20-b,20,nonpun,0,damn,not,-0.639285817,-0.596742509,0
490,190,190,20-b,20,nonpun,0,damn,say,-0.09659133,-0.774790815,0
0,191,191,21-b,21,nonpun,0,hurts,hurts,0,0,0
503,191,191,21-b,21,nonpun,0,hurts,fell,1.289512664,-0.679602346,0
505,191,191,21-b,21,nonpun,0,hurts,leg,0.132818371,-0.734886048,0
0,192,192,22-b,22,nonpun,0,roll,roll,0,0,0
524,192,192,22-b,22,nonpun,0,roll,bought,-0.423217501,-0.477277505,0
526,192,192,22-b,22,nonpun,0,roll,dress,-0.631901652,0.009442134,0
529,192,192,22-b,22,nonpun,0,roll,make,-0.068263256,-0.204322837,0
533,192,192,22-b,22,nonpun,0,roll,silk,-0.11304133,-0.526355868,0
0,193,193,23-b,23,nonpun,0,caller,caller,0,0,0
535,193,193,23-b,23,nonpun,0,caller,bank,0.28677822,-0.677348142,0
541,193,193,23-b,23,nonpun,0,caller,phone,1.854532249,-0.641315109,0
0,194,194,24-b,24,nonpun,0,steel,steel,0,0,0
576,194,194,24-b,24,nonpun,0,steel,made,0.246236099,-0.61483155,0
579,194,194,24-b,24,nonpun,0,steel,ship,0.808578387,-0.408994784,0
582,194,194,24-b,24,nonpun,0,steel,wood,0.101366305,-0.108600107,0
0,195,195,25-b,25,nonpun,0,die,die,0,0,0
584,195,195,25-b,25,nonpun,0,die,attack,1.174044615,-0.886811156,0
587,195,195,25-b,25,nonpun,0,die,heart,0.600173251,-0.709082701,0
592,195,195,25-b,25,nonpun,0,die,scared,0.667042835,-0.428085266,0
595,195,195,25-b,25,nonpun,0,die,very,-0.706454265,-0.606925591,0
0,196,196,26-b,26,nonpun,0,waste,waste,0,0,0
622,196,196,26-b,26,nonpun,0,waste,dealing,-0.571672057,-0.649881461,0
627,196,196,26-b,26,nonpun,0,waste,time,0.74945938,-0.469220054,0
0,197,197,27-b,27,nonpun,0,feat,feat,0,0,0
631,197,197,27-b,27,nonpun,0,feat,exam,-0.003035828,-0.145472314,0
637,197,197,27-b,27,nonpun,0,feat,passing,-0.31578991,-0.167093468,0
639,197,197,27-b,27,nonpun,0,feat,real,-0.353071356,-0.392275205,0
642,197,197,27-b,27,nonpun,0,feat,studying,-0.401542051,-0.749716023,0
0,198,198,28-b,28,nonpun,0,allowed,allowed,0,0,0
659,198,198,28-b,28,nonpun,0,allowed,car,-0.502274842,-0.555802483,0
661,198,198,28-b,28,nonpun,0,allowed,family,-0.279927222,-0.371948519,0
668,198,198,28-b,28,nonpun,0,allowed,son,-0.315025275,-0.461546552,0
670,198,198,28-b,28,nonpun,0,allowed,use,0.369072124,-0.583316729,0
0,199,199,29-b,29,nonpun,0,pale,pale,0,0,0
705,199,199,29-b,29,nonpun,0,pale,looks,0.41002263,-0.579613713,0
706,199,199,29-b,29,nonpun,0,pale,sick,1.187339929,0.384213678,0
0,200,200,30-b,30,nonpun,0,manner,manner,0,0,0
714,200,200,30-b,30,nonpun,0,manner,food,0.167603032,0.099803061,0
720,200,200,30-b,30,nonpun,0,manner,party,-0.228798263,-0.140640352,0
0,201,201,31-b,31,nonpun,0,cash,cash,0,0,0
756,201,201,31-b,31,nonpun,0,cash,bought,1.090530565,-0.287451277,0
757,201,201,31-b,31,nonpun,0,cash,chips,0.7956559,-0.819637414,0
766,201,201,31-b,31,nonpun,0,cash,stocks,1.102684689,-0.444644263,0
769,201,201,31-b,31,nonpun,0,cash,ten,1.016804401,-0.616001035,0
772,201,201,31-b,31,nonpun,0,cash,years,-0.435775644,-0.403581963,0
0,202,202,32-b,32,nonpun,0,rain,rain,0,0,0
775,202,202,32-b,32,nonpun,0,rain,city,0.086553216,0.099064559,0
777,202,202,32-b,32,nonpun,0,rain,fell,0.613188827,-0.133827467,0
781,202,202,32-b,32,nonpun,0,rain,night,-0.347260507,-0.721250535,0
0,203,203,33-b,33,nonpun,0,time,time,0,0,0
821,203,203,33-b,33,nonpun,0,time,lunch,0.929261287,-0.308223877,0
823,203,203,33-b,33,nonpun,0,time,meeting,0.919818744,-0.750032,0
0,204,204,34-b,34,nonpun,0,poor,poor,0,0,0
827,204,204,34-b,34,nonpun,0,poor,afford,0.58939641,-0.557698037,0
829,204,204,34-b,34,nonpun,0,poor,buy,0.033483277,-0.788090527,0
830,204,204,34-b,34,nonpun,0,poor,cannot,0.074573357,-0.781460533,0
832,204,204,34-b,34,nonpun,0,poor,family,0.512370285,-0.506777115,0
833,204,204,34-b,34,nonpun,0,poor,food,-0.127033648,-0.602746226,0
0,205,205,35-b,35,nonpun,0,guilt,guilt,0,0,0
868,205,205,35-b,35,nonpun,0,guilt,accused,1.251821833,-0.205660218,0
871,205,205,35-b,35,nonpun,0,guilt,decides,-0.117941764,-0.748498052,0
874,205,205,35-b,35,nonpun,0,guilt,innocence,0.683609262,-0.227023413,0
875,205,205,35-b,35,nonpun,0,guilt,jury,1.256818579,-0.560675645,0
879,205,205,35-b,35,nonpun,0,guilt,person,0.46715014,-0.520269088,0
0,206,206,36-b,36,nonpun,0,err,err,0,0,0
881,206,206,36-b,36,nonpun,0,err,being,-0.600162024,-0.496509971,0
882,206,206,36-b,36,nonpun,0,err,better,-0.588063778,-0.486176467,0
887,206,206,36-b,36,nonpun,0,err,safe,-0.174398323,-0.368815251,0
888,206,206,36-b,36,nonpun,0,err,side,-0.375675418,-0.506233458,0
0,207,207,37-b,37,nonpun,0,sun,sun,0,0,0
913,207,207,37-b,37,nonpun,0,sun,evening,0.857747221,-0.570579325,0
915,207,207,37-b,37,nonpun,0,sun,morning,1.438934245,-0.678068098,0
919,207,207,37-b,37,nonpun,0,sun,rises,1.575861286,-0.614927634,0
920,207,207,37-b,37,nonpun,0,sun,sets,1.090345779,-0.735985557,0
0,208,208,38-b,38,nonpun,0,seas,seas,0,0,0
940,208,208,38-b,38,nonpun,0,seas,high,1.15987515,-0.577071422,0
943,208,208,38-b,38,nonpun,0,seas,mid-atlantic,1.1959212,-0.677186934,0
946,208,208,38-b,38,nonpun,0,seas,ship,1.612179029,-0.644056695,0
0,209,209,39-b,39,nonpun,0,what,what,0,0,0
976,209,209,39-b,39,nonpun,0,what,students,-0.499064815,-0.63958554,0
977,209,209,39-b,39,nonpun,0,what,teacher,-0.459484636,-0.654493271,0
978,209,209,39-b,39,nonpun,0,what,told,-0.184861844,-0.69704956,0
0,210,210,40-b,40,nonpun,0,raiser,raiser,0,0,0
984,210,210,40-b,40,nonpun,0,raiser,church,-0.207024675,-0.727307596,0
985,210,210,40-b,40,nonpun,0,raiser,fund,0.810271506,-0.729274222,0
986,210,210,40-b,40,nonpun,0,raiser,girl,-0.820700699,-0.009458297,0
987,210,210,40-b,40,nonpun,0,raiser,local,-0.369067514,-0.730890722,0
989,210,210,40-b,40,nonpun,0,raiser,organized,-0.335369813,-0.552618566,0
0,211,211,41-b,41,nonpun,0,not,not,0,0,0
1020,211,211,41-b,41,nonpun,0,not,let's,-0.326499837,-0.622480047,0
0,212,212,42-b,42,nonpun,0,would,would,0,0,0
1032,212,212,42-b,42,nonpun,0,would,father,-0.621234826,-0.655994366,0
1034,212,212,42-b,42,nonpun,0,would,go,-0.397667605,-0.750032,0
1035,212,212,42-b,42,nonpun,0,would,let,0.262509042,-0.788660111,0
1036,212,212,42-b,42,nonpun,0,would,not,0.238664661,-0.688280885,0
1037,212,212,42-b,42,nonpun,0,would,party,-0.398684175,-0.782956386,0
0,213,213,43-b,43,nonpun,0,grater,grater,0,0,0
1053,213,213,43-b,43,nonpun,0,grater,cheese,1.660631265,0.057620908,0
1053,213,213,43-b,43,nonpun,0,grater,cheese,1.660631265,0.057620908,0
1061,213,213,43-b,43,nonpun,0,grater,slices,0.646909343,-0.0989754,0
0,214,214,44-b,44,nonpun,0,i,i,0,0,0
1068,214,214,44-b,44,nonpun,0,i,answer,-0.358631117,-0.640114938,0
1070,214,214,44-b,44,nonpun,0,i,know,0.147645951,-0.529571089,0
0,215,215,45-b,45,nonpun,0,sell,sell,0,0,0
1084,215,215,45-b,45,nonpun,0,sell,car,0.842116061,-0.23232917,0
1085,215,215,45-b,45,nonpun,0,sell,good,0.367727749,-0.659243592,0
1089,215,215,45-b,45,nonpun,0,sell,price,1.641732003,-0.311436775,0
0,216,216,46-b,46,nonpun,0,cent,cent,0,0,0
1093,216,216,46-b,46,nonpun,0,cent,borrow,0.745670533,-0.781460533,0
1095,216,216,46-b,46,nonpun,0,cent,even,-0.395060466,-0.6249038,0
1097,216,216,46-b,46,nonpun,0,cent,let,-0.714122825,-0.873396753,0
1098,216,216,46-b,46,nonpun,0,cent,not,-0.679842989,-0.781460533,0
1101,216,216,46-b,46,nonpun,0,cent,stingy,0.546384374,-0.448248014,0
0,217,217,47-b,47,nonpun,0,coarse,coarse,0,0,0
1114,217,217,47-b,47,nonpun,0,coarse,hair,0.742759056,-0.014136551,0
1122,217,217,47-b,47,nonpun,0,coarse,very,-0.019471902,-0.577954079,0
0,218,218,48-b,48,nonpun,0,dear,dear,0,0,0
1134,218,218,48-b,48,nonpun,0,dear,friend,1.12621052,-0.70352613,0
0,219,219,49-b,49,nonpun,0,be,be,0,0,0
1145,219,219,49-b,49,nonpun,0,be,okay,-0.493988311,-0.831107629,0
1150,219,219,49-b,49,nonpun,0,be,worry,-0.564835602,-0.698656591,0
0,220,220,50-b,50,nonpun,0,break,break,0,0,0
1173,220,220,50-b,50,nonpun,0,break,leg,1.168073764,-0.131012643,0
1175,220,220,50-b,50,nonpun,0,break,performance,0.132261404,0.669919049,0
0,221,221,51-b,51,nonpun,0,flower,flower,0,0,0
1194,221,221,51-b,51,nonpun,0,flower,among,-0.720665464,-0.765176251,0
1201,221,221,51-b,51,nonpun,0,flower,growing,1.522493993,-0.36378025,0
1204,221,221,51-b,51,nonpun,0,flower,picked,1.016651518,-0.630724541,0
1205,221,221,51-b,51,nonpun,0,flower,pretty,1.338286727,-0.455797233,0
1208,221,221,51-b,51,nonpun,0,flower,weeds,1.318642479,-0.725417027,0
0,222,222,52-b,52,nonpun,0,fair,fair,0,0,0
1210,222,222,52-b,52,nonpun,0,fair,game,1.041816066,-0.456911341,0
1212,222,222,52-b,52,nonpun,0,fair,not,0.275923826,-0.777055256,0
1214,222,222,52-b,52,nonpun,0,fair,rules,0.888002604,-0.234574065,0
0,223,223,53-b,53,nonpun,0,heal,heal,0,0,0
1228,223,223,53-b,53,nonpun,0,heal,just,-0.688196532,-0.824635495,0
1229,223,223,53-b,53,nonpun,0,heal,takes,-0.520729992,-0.49698937,0
1230,223,223,53-b,53,nonpun,0,heal,time,0.55593966,-0.916925526,0
1232,223,223,53-b,53,nonpun,0,heal,wounds,1.7097202,-0.108540447,0
0,224,224,54-b,54,nonpun,0,him,him,0,0,0
1241,224,224,54-b,54,nonpun,0,him,back,-0.518706364,-0.834836548,0
1243,224,224,54-b,54,nonpun,0,him,john,0.292140711,-0.080644958,0
1244,224,224,54-b,54,nonpun,0,him,like,-0.30463761,-0.530389328,0
1245,224,224,54-b,54,nonpun,0,him,likes,-0.533676365,-0.486112886,0
1249,224,224,54-b,54,nonpun,0,him,sarah,-0.798072639,-0.518073919,0
0,225,225,55-b,55,nonpun,0,knows,knows,0,0,0
1263,225,225,55-b,55,nonpun,0,knows,almost,-0.154943152,-0.561740608,0
1266,225,225,55-b,55,nonpun,0,knows,dictionary,0.656967,-0.740929655,0
1269,225,225,55-b,55,nonpun,0,knows,word,0.100501487,0.034196064,0
0,226,226,56-b,56,nonpun,0,in,in,0,0,0
1277,226,226,56-b,56,nonpun,0,in,close,0.495009183,-0.454483084,0
1278,226,226,56-b,56,nonpun,0,in,come,0.485694349,-0.436298857,0
1279,226,226,56-b,56,nonpun,0,in,door,1.037311785,0.200615259,0
1282,226,226,56-b,56,nonpun,0,in,room,0.063650469,1.636828851,0
0,227,227,57-b,57,nonpun,0,idle,idle,0,0,0
1296,227,227,57-b,57,nonpun,0,idle,doing,0.018690301,-0.599341465,0
1298,227,227,57-b,57,nonpun,0,idle,just,0.004347172,-0.671030844,0
1302,227,227,57-b,57,nonpun,0,idle,sitting,1.194082122,-0.122448486,0
0,228,228,58-b,58,nonpun,0,made,made,0,0,0
1319,228,228,58-b,58,nonpun,0,made,cake,0.827388061,-0.525779941,0
0,229,229,59-b,59,nonpun,0,none,none,0,0,0
1332,229,229,59-b,59,nonpun,0,none,made,-0.497056052,-0.784191115,0
1336,229,229,59-b,59,nonpun,0,none,sense,-0.061491739,-0.528392422,0
0,230,230,60-b,60,nonpun,0,morning,morning,0,0,0
1350,230,230,60-b,60,nonpun,0,morning,shining,0.859793109,-0.413828594,0
1351,230,230,60-b,60,nonpun,0,morning,sun,1.698846284,-0.497003111,0
1352,230,230,60-b,60,nonpun,0,morning,up,0.98398147,-0.130271793,0
1353,230,230,60-b,60,nonpun,0,morning,woke,1.54108883,-0.343863179,0
0,231,231,61-b,61,nonpun,0,meet,meet,0,0,0
1370,231,231,61-b,61,nonpun,0,meet,able,0.238797127,-0.621082221,0
1372,231,231,61-b,61,nonpun,0,meet,finally,0.142099156,-0.682571345,0
1375,231,231,61-b,61,nonpun,0,meet,pals,0.552091521,-0.82652512,0
1376,231,231,61-b,61,nonpun,0,meet,pen,-0.654525921,-0.694785813,0
0,232,232,62-b,62,nonpun,0,real,real,0,0,0
1381,232,232,62-b,62,nonpun,0,real,counterfeit,0.957410112,-0.541107635,0
1382,232,232,62-b,62,nonpun,0,real,diamond,0.728779693,-0.775422228,0
1385,232,232,62-b,62,nonpun,0,real,good,-0.159518835,-0.56642981,0
1386,232,232,62-b,62,nonpun,0,real,just,0.295080021,-0.737646499,0
1388,232,232,62-b,62,nonpun,0,real,not,-0.260656712,-0.524606471,0
1390,232,232,62-b,62,nonpun,0,real,very,0.162943031,-0.77051102,0
0,233,233,63-b,63,nonpun,0,pair,pair,0,0,0
1410,233,233,63-b,63,nonpun,0,pair,matching,1.931825623,-0.632767131,0
1411,233,233,63-b,63,nonpun,0,pair,socks,1.542811322,-0.628094303,0
0,234,234,64-b,64,nonpun,0,prey,prey,0,0,0
1433,234,234,64-b,64,nonpun,0,prey,eagle's,1.069484634,0.000212148,0
1434,234,234,64-b,64,nonpun,0,prey,easily,0.06409278,-0.510718826,0
1435,234,234,64-b,64,nonpun,0,prey,mouse,1.243436964,-0.349015178,0
0,235,235,65-b,65,nonpun,0,route,route,0,0,0
1452,235,235,65-b,65,nonpun,0,route,faster,0.5684251,-0.626807084,0
1453,235,235,65-b,65,nonpun,0,route,home,0.363142717,-0.032831021,0
1455,235,235,65-b,65,nonpun,0,route,take,0.425023793,-0.599633919,0
1460,235,235,65-b,65,nonpun,0,route,way,1.57234326,-0.54305294,0