uniquePairID,uniqueID,sentenceID,homophoneID,phoneticID,sentenceType,isOrig,homophone,word,hom1relatedness,hom2relatedness,normal,dummy
16,106,106,1-a,1,nonpun,0,prophet,biblical,1.588613486,0.00843384,0,1
18,106,106,1-a,1,nonpun,0,prophet,daniel,0.940627052,-0.701428367,0,1
20,106,106,1-a,1,nonpun,0,prophet,dreams,0.673356808,-0.164648041,0,1
21,106,106,1-a,1,nonpun,0,prophet,interpreting,0.582899177,-0.448113581,0,1
22,106,106,1-a,1,nonpun,0,prophet,known,0.192213498,-0.483403419,0,1
31,107,107,2-a,2,nonpun,0,pi,decimal,1.946459381,-0.161627302,0,1
36,107,107,2-a,2,nonpun,0,pi,number,2.058125293,-0.251554178,0,1
37,107,107,2-a,2,nonpun,0,pi,places,-0.326949086,-0.808465975,0,1
38,107,107,2-a,2,nonpun,0,pi,recite,-0.258052741,-0.720087113,0,1
39,107,107,2-a,2,nonpun,0,pi,ten,-0.015977827,-0.651001302,0,1
40,107,107,2-a,2,nonpun,0,pi,up,-0.721837908,-0.785131387,0,1
55,108,108,3-a,3,nonpun,0,knead,bakers,1.643374608,-0.430311199,0,1
57,108,108,3-a,3,nonpun,0,knead,bread,1.618475041,-0.10745158,0,1
61,108,108,3-a,3,nonpun,0,knead,dough,1.859791531,-0.113527858,0,1
62,108,108,3-a,3,nonpun,0,knead,flour,1.425382654,-0.255373587,0,1
64,108,108,3-a,3,nonpun,0,knead,make,0.636051115,0.120106683,0,1
65,108,108,3-a,3,nonpun,0,knead,milk,-0.418691345,-0.051775025,0,1
69,108,108,3-a,3,nonpun,0,knead,together,0.501225391,-0.104110527,0,1
91,109,109,4-a,4,nonpun,0,oar,dipped,0.221586022,-0.852013846,0,1
93,109,109,4-a,4,nonpun,0,oar,fisherman,1.476556042,-0.726638524,0,1
97,109,109,4-a,4,nonpun,0,oar,river,1.530371105,-0.662561266,0,1
126,110,110,5-a,5,nonpun,0,tiers,boxes,0.104462145,-0.611327411,0,1
135,110,110,5-a,5,nonpun,0,tiers,stacked,1.336318496,-0.741184101,0,1
136,110,110,5-a,5,nonpun,0,tiers,warehouse,-0.156484324,-0.680878901,0,1
152,111,111,6-a,6,nonpun,0,poll,candidates,1.181304086,0.061475531,0,1
154,111,111,6-a,6,nonpun,0,poll,conducted,1.061170681,-0.008450109,0,1
160,111,111,6-a,6,nonpun,0,poll,political,1.476234187,-0.000110261,0,1
161,111,111,6-a,6,nonpun,0,poll,pollsters,1.681635713,0.039322063,0,1
162,111,111,6-a,6,nonpun,0,poll,popularity,1.231242071,-0.277710497,0,1
177,112,112,7-a,7,nonpun,0,bored,alone,0.824396373,-0.310851308,0,1
183,112,112,7-a,7,nonpun,0,bored,man,0.075873275,-0.552081009,0,1
186,112,112,7-a,7,nonpun,0,bored,old,-0.124639356,-0.386292183,0,1
187,112,112,7-a,7,nonpun,0,bored,tears,0.032180425,-0.578013409,0,1
188,112,112,7-a,7,nonpun,0,bored,time,0.213716977,-0.526247032,0,1
198,113,113,8-a,8,nonpun,0,greece,country,1.617425629,-0.633069495,0,1
201,113,113,8-a,8,nonpun,0,greece,europe,1.506384042,-0.489292516,0,1
205,113,113,8-a,8,nonpun,0,greece,portion,-0.758430767,-0.488504997,0,1
206,113,113,8-a,8,nonpun,0,greece,southern,0.196191163,-0.152857904,0,1
221,114,114,9-a,9,nonpun,0,sine,angle,0.779476881,-0.000985124,0,1
225,114,114,9-a,9,nonpun,0,sine,function,1.019378722,0.439681017,0,1
225,114,114,9-a,9,nonpun,0,sine,function,1.019378722,0.439681017,0,1
227,114,114,9-a,9,nonpun,0,sine,mathematics,1.447036089,0.848639387,0,1
236,115,115,10-a,10,nonpun,0,principal,high,0.108839565,0.202188802,0,1
239,115,115,10-a,10,nonpun,0,principal,local,0.004982895,-0.32475094,0,1
240,115,115,10-a,10,nonpun,0,principal,ms,-0.180238084,-0.055012292,0,1
243,115,115,10-a,10,nonpun,0,principal,school,1.99747003,1.0686167,0,1
244,115,115,10-a,10,nonpun,0,principal,wu,-0.670427616,-0.798160808,0,1
258,116,116,11-a,11,nonpun,0,cd,bought,0.357280404,-0.811990726,0,1
259,116,116,11-a,11,nonpun,0,cd,classical,0.754552945,-0.585794569,0,1
263,116,116,11-a,11,nonpun,0,cd,music,1.794118677,-0.31297692,0,1
264,116,116,11-a,11,nonpun,0,cd,new,0.196711267,-0.522052794,0,1
295,117,117,12-a,12,nonpun,0,hare,fields,0.461547832,-0.568333956,0,1
305,117,117,12-a,12,nonpun,0,hare,ran,0.445048512,-0.52966093,0,1
306,117,117,12-a,12,nonpun,0,hare,rapidly,0.3918974,-0.642455018,0,1
310,118,118,13-a,13,nonpun,0,knotty,cabin,-0.149091224,-0.53523303,0,1
313,118,118,13-a,13,nonpun,0,knotty,made,-0.509212612,-0.625273489,0,1
314,118,118,13-a,13,nonpun,0,knotty,pine,-0.160851791,-0.793461446,0,1
338,119,119,14-a,14,nonpun,0,taut,between,-0.287709939,-0.666184019,0,1
339,119,119,14-a,14,nonpun,0,taut,clothesline,0.552306178,-0.543429494,0,1
341,119,119,14-a,14,nonpun,0,taut,hangs,0.243455661,-0.58754546,0,1
344,119,119,14-a,14,nonpun,0,taut,poles,-0.286158353,-0.735985557,0,1
364,120,120,15-a,15,nonpun,0,marx,german,0.913342961,0.259296529,0,1
367,120,120,15-a,15,nonpun,0,marx,karl,1.430994181,-0.390664933,0,1
371,120,120,15-a,15,nonpun,0,marx,philosopher,1.553897502,-0.477807527,0,1
379,121,121,16-a,16,nonpun,0,hi,say,0.761917936,-0.470898835,0,1
383,121,121,16-a,16,nonpun,0,hi,waved,1.72973703,-0.148802992,0,1
409,122,122,17-a,17,nonpun,0,daze,bad,-0.184595357,0.537602261,0,1
412,122,122,17-a,17,nonpun,0,daze,learning,-0.690780761,-0.155835821,0,1
414,122,122,17-a,17,nonpun,0,daze,news,-0.567643796,0.281946675,0,1
434,123,123,18-a,18,nonpun,0,prose,essays,0.920121128,-0.418043865,0,1
437,123,123,18-a,18,nonpun,0,prose,novels,1.42068533,-0.518240741,0,1
440,123,123,18-a,18,nonpun,0,prose,written,1.32796995,-0.421870713,0,1
453,124,124,19-a,19,nonpun,0,plane,airport,1.712579248,-0.545519339,0,1
462,124,124,19-a,19,nonpun,0,plane,landed,1.050391062,-0.538243281,0,1
465,125,125,20-a,20,nonpun,0,dam,beaver,1.758858353,0.156040259,0,1
467,125,125,20-a,20,nonpun,0,dam,building,0.367174398,-0.539332626,0,1
471,125,125,20-a,20,nonpun,0,dam,logs,1.430668256,-0.121952542,0,1
478,125,125,20-a,20,nonpun,0,dam,sticks,0.317012934,-0.686561865,0,1
493,126,126,21-a,21,nonpun,0,hertz,computer,1.118191817,-0.50140918,0,1
497,126,126,21-a,21,nonpun,0,hertz,mega,0.779173478,-0.57167944,0,1
498,126,126,21-a,21,nonpun,0,hertz,processing,0.683483218,-0.540497833,0,1
500,126,126,21-a,21,nonpun,0,hertz,speed,0.178786499,-0.301454813,0,1
501,126,126,21-a,21,nonpun,0,hertz,thirty-three,-0.258263208,-0.762184863,0,1
516,127,127,22-a,22,nonpun,0,role,leading,0.504945154,-0.357426361,0,1
519,127,127,22-a,22,nonpun,0,role,plays,1.250637128,0.634214361,0,1
520,127,127,22-a,22,nonpun,0,role,show,0.452865957,-0.676772085,0,1
522,127,127,22-a,22,nonpun,0,role,television,0.73476784,-0.401643565,0,1
548,128,128,23-a,23,nonpun,0,collar,dog,1.711357399,-0.381415794,0,1
556,128,128,23-a,23,nonpun,0,collar,puts,-0.513290301,-0.526046813,0,1
558,128,128,23-a,23,nonpun,0,collar,walking,0.767337859,-0.699444316,0,1
560,129,129,24-a,24,nonpun,0,steal,boy,-0.319930983,-0.587491171,0,1
561,129,129,24-a,24,nonpun,0,steal,candy,-0.094536379,-0.781460533,0,1
562,129,129,24-a,24,nonpun,0,steal,decided,-0.465451553,-0.568402974,0,1
563,129,129,24-a,24,nonpun,0,steal,friend's,-0.56195865,-0.520115981,0,1
566,129,129,24-a,24,nonpun,0,steal,not,-0.189663551,-0.723041821,0,1
569,129,129,24-a,24,nonpun,0,steal,wanted,0.492795816,-0.618644422,0,1
600,130,130,25-a,25,nonpun,0,dye,hair,1.523473926,-0.704851099,0,1
602,130,130,25-a,25,nonpun,0,dye,like,-0.781460533,-0.619684429,0,1
603,130,130,25-a,25,nonpun,0,dye,not,-0.770518333,-0.324320723,0,1
604,130,130,25-a,25,nonpun,0,dye,people,-0.26904247,1.357481,0,1
611,131,131,26-a,26,nonpun,0,waist,belt,1.597962543,-0.347338501,0,1
615,131,131,26-a,26,nonpun,0,waist,look,-0.588764329,-0.72069838,0,1
617,131,131,26-a,26,nonpun,0,waist,small,0.54555294,-0.590623453,0,1
619,131,131,26-a,26,nonpun,0,waist,tiny,0.817679802,-0.534166992,0,1
649,132,132,27-a,27,nonpun,0,feet,hurting,0.399656575,-0.487295336,0,1
650,132,132,27-a,27,nonpun,0,feet,new,-0.68535866,-0.374702209,0,1
655,132,132,27-a,27,nonpun,0,feet,shoes,1.661397429,-0.582987908,0,1
658,132,132,27-a,27,nonpun,0,feet,these,-0.326401163,-0.748009219,0,1
673,133,133,28-a,28,nonpun,0,aloud,class,-0.247762261,-0.08337789,0,1
678,133,133,28-a,28,nonpun,0,aloud,poem,0.285366535,-0.648521192,0,1
679,133,133,28-a,28,nonpun,0,aloud,read,1.011726584,-0.384072101,0,1
682,133,133,28-a,28,nonpun,0,aloud,student,-0.31438722,-0.392756171,0,1
688,134,134,29-a,29,nonpun,0,pail,clean,0.454193468,0.108252618,0,1
690,134,134,29-a,29,nonpun,0,pail,filled,0.640365217,-0.465606583,0,1
691,134,134,29-a,29,nonpun,0,pail,floor,-0.027157293,-0.542267553,0,1
696,134,134,29-a,29,nonpun,0,pail,water,1.506103593,-0.205510526,0,1
697,134,134,29-a,29,nonpun,0,pail,worker,-0.140034506,-0.407722609,0,1
730,135,135,30-a,30,nonpun,0,manor,huge,0.769933737,-0.319066113,0,1
731,135,135,30-a,30,nonpun,0,manor,live,0.878267984,-0.08509899,0,1
735,135,135,30-a,30,nonpun,0,manor,people,0.015243503,0.361364864,0,1
737,135,135,30-a,30,nonpun,0,manor,those,-0.812234947,-0.5937837,0,1
738,135,135,30-a,30,nonpun,0,manor,wealthy,1.284905544,-0.276843416,0,1
743,136,136,31-a,31,nonpun,0,cache,copies,-0.02172846,-0.192477378,0,1
744,136,136,31-a,31,nonpun,0,cache,database,0.776424805,-0.34122505,0,1
747,136,136,31-a,31,nonpun,0,cache,pages,0.137738536,-0.513410638,0,1
750,136,136,31-a,31,nonpun,0,cache,stored,0.829207849,-0.233318436,0,1
754,136,136,31-a,31,nonpun,0,cache,web,0.810127394,-0.279163973,0,1
789,137,137,32-a,32,nonpun,0,reign,ended,0.005525581,-0.342900913,0,1
791,137,137,32-a,32,nonpun,0,reign,heir,1.112214591,-0.710023942,0,1
792,137,137,32-a,32,nonpun,0,reign,king's,1.776843753,-0.66841483,0,1
797,137,137,32-a,32,nonpun,0,reign,took,-0.113320681,-0.620418969,0,1
799,138,138,33-a,33,nonpun,0,thyme,chicken,0.702699467,-0.803956786,0,1
800,138,138,33-a,33,nonpun,0,thyme,creamy,-0.373157708,-0.78174645,0,1
802,138,138,33-a,33,nonpun,0,thyme,favorite,-0.757130331,-0.205737968,0,1
803,138,138,33-a,33,nonpun,0,thyme,flavored,0.720140546,-0.744399398,0,1
808,138,138,33-a,33,nonpun,0,thyme,meals,0.684309848,0.511392483,0,1
810,138,138,33-a,33,nonpun,0,thyme,sauce,0.675274507,-0.618491916,0,1
848,139,139,34-a,34,nonpun,0,pore,opening,1.292710947,-0.592816125,0,1
850,139,139,34-a,34,nonpun,0,pore,skin,1.711512432,-0.24986229,0,1
851,139,139,34-a,34,nonpun,0,pore,small,0.506945942,0.125812672,0,1
852,139,139,34-a,34,nonpun,0,pore,surface,0.729637206,-0.634197082,0,1
854,139,139,34-a,34,nonpun,0,pore,very,-0.758430767,0.113791966,0,1
857,140,140,35-a,35,nonpun,0,gilt,covered,-0.202184731,-0.201921939,0,1
859,140,140,35-a,35,nonpun,0,gilt,frame,0.224066754,0.159816498,0,1
893,141,141,36-a,36,nonpun,0,heir,british,0.9746296,-0.391015792,0,1
896,141,141,36-a,36,nonpun,0,heir,prince,1.47974664,-0.690269368,0,1
899,141,141,36-a,36,nonpun,0,heir,throne,1.706785224,-0.698889214,0,1
900,141,141,36-a,36,nonpun,0,heir,william,0.295560352,-0.540397823,0,1
902,142,142,37-a,37,nonpun,0,son,daughter,1.763125915,-0.630705819,0,1
923,143,143,38-a,38,nonpun,0,c's,even,-0.499558249,-0.111298652,0,1
924,143,143,38-a,38,nonpun,0,c's,hard,-0.714930737,-0.044966371,0,1
925,143,143,38-a,38,nonpun,0,c's,high,-0.577071422,1.15987515,0,1
932,143,143,38-a,38,nonpun,0,c's,sing,-0.060591239,-0.611618683,0,1
934,143,143,38-a,38,nonpun,0,c's,soprano,-0.539602268,-0.671420259,0,1
952,144,144,39-a,39,nonpun,0,watt,bulb,1.920607166,-0.602217742,0,1
953,144,144,39-a,39,nonpun,0,watt,desk,-0.457721811,-0.773342724,0,1
956,144,144,39-a,39,nonpun,0,watt,lamp,1.321393571,-0.69598325,0,1
957,144,144,39-a,39,nonpun,0,watt,light,1.79124009,-0.495548786,0,1
959,144,144,39-a,39,nonpun,0,watt,sixty,1.02910921,-0.825991955,0,1
964,144,144,39-a,39,nonpun,0,watt,uses,-0.311913495,-0.208917873,0,1
996,145,145,40-a,40,nonpun,0,razor,beard,1.686142323,-0.610927675,0,1
1004,145,145,40-a,40,nonpun,0,razor,shave,1.763154924,-0.634807828,0,1
1007,145,145,40-a,40,nonpun,0,razor,used,0.323571408,-0.552589093,0,1
1010,146,146,41-a,41,nonpun,0,knot,double,0.739134619,-0.957397723,0,1
1011,146,146,41-a,41,nonpun,0,knot,easy,-0.391155438,-0.106180819,0,1
1015,146,146,41-a,41,nonpun,0,knot,tie,1.837738897,-0.658961115,0,1
1025,147,147,42-a,42,nonpun,0,wood,get,-0.301585774,-0.316938295,0,1
1030,147,147,42-a,42,nonpun,0,wood,trees,2.166448306,-0.589968992,0,1
1043,148,148,43-a,43,nonpun,0,grader,hired,-0.196140338,-0.688166297,0,1
1048,148,148,43-a,43,nonpun,0,grader,score,1.456913574,-0.483996304,0,1
1050,148,148,43-a,43,nonpun,0,grader,tests,1.239366364,-0.830644844,0,1
1066,149,149,44-a,44,nonpun,0,eye,poked,1.069338754,-0.808131183,0,1
1073,150,150,45-a,45,nonpun,0,cell,biology,1.899746806,-0.668966778,0,1
1078,150,150,45-a,45,nonpun,0,cell,learned,-0.383796696,-0.513759403,0,1
1082,150,150,45-a,45,nonpun,0,cell,works,-0.234275681,0.283345321,0,1
1112,151,151,46-a,46,nonpun,0,scent,unpleasant,0.457821941,-0.810026414,0,1
1128,152,152,47-a,47,nonpun,0,course,school,1.619394573,-0.208046982,0,1
1130,152,152,47-a,47,nonpun,0,course,took,0.543846748,-0.520769838,0,1
1137,153,153,48-a,48,nonpun,0,deer,forest,1.472165421,-0.564228102,0,1
1151,154,154,49-a,49,nonpun,0,bee,angry,0.221877067,0.052633205,0,1
1153,154,154,49-a,49,nonpun,0,bee,honey,1.842053559,-0.528261049,0,1
1156,154,154,49-a,49,nonpun,0,bee,steal,-0.728146168,-0.735489128,0,1
1157,154,154,49-a,49,nonpun,0,bee,stung,1.794922544,-0.580402332,0,1
1158,154,154,49-a,49,nonpun,0,bee,tried,-0.639042341,-0.305108788,0,1
1162,155,155,50-a,50,nonpun,0,brake,cars,1.804849918,0.028044041,0,1
1169,155,155,50-a,50,nonpun,0,brake,slowly,0.825203011,-0.208863457,0,1
1180,156,156,51-a,51,nonpun,0,flour,baking,1.223055747,-0.575903516,0,1
1184,156,156,51-a,51,nonpun,0,flour,different,-0.658578307,-0.504582606,0,1
1187,156,156,51-a,51,nonpun,0,flour,kinds,-0.421216307,0.03446625,0,1
1191,156,156,51-a,51,nonpun,0,flour,use,-0.213368815,-0.419227853,0,1
1221,157,157,52-a,52,nonpun,0,fare,paid,1.159565545,-0.027407556,0,1
1233,158,158,53-a,53,nonpun,0,heel,bruised,0.293676601,1.118415119,0,1
1239,158,158,53-a,53,nonpun,0,heel,walking,1.670247066,0.091783129,0,1
1253,159,159,54-a,54,nonpun,0,hymn,church,1.689324454,0.352158611,0,1
1259,159,159,54-a,54,nonpun,0,hymn,sang,1.569489363,-0.505817434,0,1
1271,160,160,55-a,55,nonpun,0,no's,answered,0.415864512,1.265951772,0,1
1275,160,160,55-a,55,nonpun,0,no's,string,-0.707908246,-0.732012509,0,1
1293,161,161,56-a,56,nonpun,0,inn,stayed,0.708630598,0.302022196,0,1
1309,162,162,57-a,57,nonpun,0,idol,famous,1.566587652,-0.405166975,0,1
1312,162,162,57-a,57,nonpun,0,idol,movie,1.063241676,-0.326844709,0,1
1316,162,162,57-a,57,nonpun,0,idol,star,1.585715064,-0.250163244,0,1
1325,163,163,58-a,58,nonpun,0,maid,clean,1.43335711,-0.217471608,0,1
1326,163,163,58-a,58,nonpun,0,maid,hired,0.943186677,-0.211003158,0,1
1340,164,164,59-a,59,nonpun,0,nun,kind,0.67936669,-0.709886221,0,1
1344,164,164,59-a,59,nonpun,0,nun,pious,0.884351047,-0.425583558,0,1
1346,164,164,59-a,59,nonpun,0,nun,very,-0.849311361,-0.430725528,0,1
1355,165,165,60-a,60,nonpun,0,mourning,died,1.629802491,-0.607965686,0,1
1356,165,165,60-a,60,nonpun,0,mourning,loved,0.73364003,-0.364996225,0,1
1365,166,166,61-a,61,nonpun,0,meat,like,-0.395840073,0.057354067,0,1
1368,166,166,61-a,61,nonpun,0,meat,vegetarians,0.604443795,-0.641859781,0,1
1395,167,167,62-a,62,nonpun,0,reel,fish,1.640762987,-0.402162931,0,1
1399,167,167,62-a,62,nonpun,0,reel,need,-0.762973747,-0.282585301,0,1
1412,168,168,63-a,63,nonpun,0,pear,apples,1.278435678,-0.06388065,0,1
1413,168,168,63-a,63,nonpun,0,pear,ate,1.144401446,-0.624965138,0,1
1421,169,169,64-a,64,nonpun,0,pray,bed,0.277633309,-0.568121694,0,1
1423,169,169,64-a,64,nonpun,0,pray,christians,1.829803433,-0.448843181,0,1
1424,169,169,64-a,64,nonpun,0,pray,customary,-0.307313326,-0.523897592,0,1
1445,170,170,65-a,65,nonpun,0,root,tree's,1.69774838,-0.351945419,0,1
1446,170,170,65-a,65,nonpun,0,root,tripped,-0.180136938,-0.492415474,0,1
3,171,171,1-b,1,nonpun,0,profit,business,1.82224455,-0.65142243,0,1
5,171,171,1-b,1,nonpun,0,profit,dollars,1.743815347,-0.349161485,0,1
9,171,171,1-b,1,nonpun,0,profit,made,0.91419155,-0.124358304,0,1
10,171,171,1-b,1,nonpun,0,profit,million,1.246970119,-0.554897705,0,1
14,171,171,1-b,1,nonpun,0,profit,year,0.650043035,-0.162742635,0,1
42,172,172,2-b,2,nonpun,0,pie,apple,1.77905018,-0.721939114,0,1
45,172,172,2-b,2,nonpun,0,pie,dessert,1.681425152,-0.365230948,0,1
48,172,172,2-b,2,nonpun,0,pie,like,-0.047714652,-0.489360978,0,1
75,173,173,3-b,3,nonpun,0,need,company,0.051266325,-0.69822364,0,1
76,173,173,3-b,3,nonpun,0,need,computer,-0.175595364,-0.590439133,0,1
83,173,173,3-b,3,nonpun,0,need,programmers,-0.279855399,-0.634197082,0,1
100,174,174,4-b,4,nonpun,0,or,car,-0.646480239,-0.562531637,0,1
101,174,174,4-b,4,nonpun,0,or,care,-0.702338021,-0.750032,0,1
109,174,174,4-b,4,nonpun,0,or,problems,-0.750977777,-0.706748926,0,1
112,174,174,4-b,4,nonpun,0,or,take,-0.691946271,-0.660505036,0,1
115,175,175,5-b,5,nonpun,0,tears,cheeks,1.51407894,-0.732534456,0,1
119,175,175,5-b,5,nonpun,0,tears,movie,0.324767813,-0.455543802,0,1
120,175,175,5-b,5,nonpun,0,tears,ran,-0.065024853,-0.667817315,0,1
121,175,175,5-b,5,nonpun,0,tears,sad,1.6796432,-0.407993765,0,1
124,175,175,5-b,5,nonpun,0,tears,watched,-0.030077993,-0.617240943,0,1
144,176,176,6-b,6,nonpun,0,pole,flag,1.600043247,0.519522756,0,1
150,176,176,6-b,6,nonpun,0,pole,raised,-0.033473475,-0.248146517,0,1
151,176,176,6-b,6,nonpun,0,pole,up,0.261924936,-0.399628572,0,1
167,177,177,7-b,7,nonpun,0,board,company's,1.017920054,-0.4950691,0,1
168,177,177,7-b,7,nonpun,0,board,directors,1.174703046,-0.569948845,0,1
172,177,177,7-b,7,nonpun,0,board,meeting,1.321483146,0.440926303,0,1
195,178,178,8-b,8,nonpun,0,grease,plate,0.63160784,-0.424750336,0,1
210,179,179,9-b,9,nonpun,0,sign,boutique,0.347168404,-0.597703234,0,1
211,179,179,9-b,9,nonpun,0,sign,clothes,-0.638889498,-0.819844606,0,1
216,179,179,9-b,9,nonpun,0,sign,says,0.959917174,-0.774731927,0,1
217,179,179,9-b,9,nonpun,0,sign,store,0.932149163,-0.794210031,0,1
245,180,180,10-b,10,nonpun,0,principle,believe,0.570955939,0.105723192,0,1
254,180,180,10-b,10,nonpun,0,principle,physics,0.758149069,0.457736549,0,1
270,181,181,11-b,11,nonpun,0,seedy,bar,0.441356094,-0.775614671,0,1
273,181,181,11-b,11,nonpun,0,seedy,drunken,0.081083372,-0.685244163,0,1
274,181,181,11-b,11,nonpun,0,seedy,full,-0.609255664,-0.072954451,0,1
279,181,181,11-b,11,nonpun,0,seedy,people,-0.336843937,-0.38802841,0,1
282,181,181,11-b,11,nonpun,0,seedy,unwashed,0.412283929,-0.765760207,0,1
285,182,182,12-b,12,nonpun,0,hair,heads,2.008648242,-0.410983759,0,1
286,182,182,12-b,12,nonpun,0,hair,lots,0.016372087,-0.731424204,0,1
290,182,182,12-b,12,nonpun,0,hair,people,1.008991155,-0.560435519,0,1
319,183,183,13-b,13,nonpun,0,naughty,boy,0.340873612,-0.524156448,0,1
321,183,183,13-b,13,nonpun,0,naughty,child,0.360216669,-0.570673267,0,1
329,184,184,14-b,14,nonpun,0,taught,college,0.759114146,-0.700981929,0,1
332,184,184,14-b,14,nonpun,0,taught,mathematics,1.147346875,-0.471036256,0,1
336,184,184,14-b,14,nonpun,0,taught,students,1.536200491,-0.699906939,0,1
353,185,185,15-b,15,nonpun,0,marks,got,-0.550880909,-0.663951471,0,1
354,185,185,15-b,15,nonpun,0,marks,high,0.712761434,-0.599170228,0,1
354,185,185,15-b,15,nonpun,0,marks,high,0.712761434,-0.599170228,0,1
360,185,185,15-b,15,nonpun,0,marks,school,1.006779042,-0.292501088,0,1
386,186,186,16-b,16,nonpun,0,high,feet,0.210251748,-0.478992775,0,1
392,186,186,16-b,16,nonpun,0,high,statue,0.710567146,-0.655649086,0,1
394,186,186,16-b,16,nonpun,0,high,ten,0.111443636,-0.577530167,0,1
404,187,187,17-b,17,nonpun,0,days,seven,0.89747462,-0.804114924,0,1
408,187,187,17-b,17,nonpun,0,days,week,1.888258478,-0.620947694,0,1
423,188,188,18-b,18,nonpun,0,pros,cons,1.562762916,-0.587049833,0,1
426,188,188,18-b,18,nonpun,0,pros,networking,-0.050376801,-0.483010617,0,1
428,188,188,18-b,18,nonpun,0,pros,sites,-0.46302653,-0.641951532,0,1
429,188,188,18-b,18,nonpun,0,pros,social,-0.481973908,-0.133220543,0,1
442,189,189,19-b,19,nonpun,0,plain,beautiful,0.544398343,-0.193695926,0,1
447,189,189,19-b,19,nonpun,0,plain,felt,-0.295630453,-0.781460533,0,1
452,189,189,19-b,19,nonpun,0,plain,sister,-0.530564157,-0.764773611,0,1
483,190,190,20-b,20,nonpun,0,damn,give,-0.107603886,-0.238960042,0,1
488,190,190,20-b,20,nonpun,0,damn,not,-0.639285817,-0.596742509,0,1
490,190,190,20-b,20,nonpun,0,damn,say,-0.09659133,-0.774790815,0,1
503,191,191,21-b,21,nonpun,0,hurts,fell,1.289512664,-0.679602346,0,1
505,191,191,21-b,21,nonpun,0,hurts,leg,0.132818371,-0.734886048,0,1
524,192,192,22-b,22,nonpun,0,roll,bought,-0.423217501,-0.477277505,0,1
526,192,192,22-b,22,nonpun,0,roll,dress,-0.631901652,0.009442134,0,1
529,192,192,22-b,22,nonpun,0,roll,make,-0.068263256,-0.204322837,0,1
533,192,192,22-b,22,nonpun,0,roll,silk,-0.11304133,-0.526355868,0,1
535,193,193,23-b,23,nonpun,0,caller,bank,0.28677822,-0.677348142,0,1
541,193,193,23-b,23,nonpun,0,caller,phone,1.854532249,-0.641315109,0,1
576,194,194,24-b,24,nonpun,0,steel,made,0.246236099,-0.61483155,0,1
579,194,194,24-b,24,nonpun,0,steel,ship,0.808578387,-0.408994784,0,1
582,194,194,24-b,24,nonpun,0,steel,wood,0.101366305,-0.108600107,0,1
584,195,195,25-b,25,nonpun,0,die,attack,1.174044615,-0.886811156,0,1
587,195,195,25-b,25,nonpun,0,die,heart,0.600173251,-0.709082701,0,1
592,195,195,25-b,25,nonpun,0,die,scared,0.667042835,-0.428085266,0,1
595,195,195,25-b,25,nonpun,0,die,very,-0.706454265,-0.606925591,0,1
622,196,196,26-b,26,nonpun,0,waste,dealing,-0.571672057,-0.649881461,0,1
627,196,196,26-b,26,nonpun,0,waste,time,0.74945938,-0.469220054,0,1
631,197,197,27-b,27,nonpun,0,feat,exam,-0.003035828,-0.145472314,0,1
637,197,197,27-b,27,nonpun,0,feat,passing,-0.31578991,-0.167093468,0,1
639,197,197,27-b,27,nonpun,0,feat,real,-0.353071356,-0.392275205,0,1
642,197,197,27-b,27,nonpun,0,feat,studying,-0.401542051,-0.749716023,0,1
659,198,198,28-b,28,nonpun,0,allowed,car,-0.502274842,-0.555802483,0,1
661,198,198,28-b,28,nonpun,0,allowed,family,-0.279927222,-0.371948519,0,1
668,198,198,28-b,28,nonpun,0,allowed,son,-0.315025275,-0.461546552,0,1
670,198,198,28-b,28,nonpun,0,allowed,use,0.369072124,-0.583316729,0,1
705,199,199,29-b,29,nonpun,0,pale,looks,0.41002263,-0.579613713,0,1
706,199,199,29-b,29,nonpun,0,pale,sick,1.187339929,0.384213678,0,1
714,200,200,30-b,30,nonpun,0,manner,food,0.167603032,0.099803061,0,1
720,200,200,30-b,30,nonpun,0,manner,party,-0.228798263,-0.140640352,0,1
756,201,201,31-b,31,nonpun,0,cash,bought,1.090530565,-0.287451277,0,1
757,201,201,31-b,31,nonpun,0,cash,chips,0.7956559,-0.819637414,0,1
766,201,201,31-b,31,nonpun,0,cash,stocks,1.102684689,-0.444644263,0,1
769,201,201,31-b,31,nonpun,0,cash,ten,1.016804401,-0.616001035,0,1
772,201,201,31-b,31,nonpun,0,cash,years,-0.435775644,-0.403581963,0,1
775,202,202,32-b,32,nonpun,0,rain,city,0.086553216,0.099064559,0,1
777,202,202,32-b,32,nonpun,0,rain,fell,0.613188827,-0.133827467,0,1
781,202,202,32-b,32,nonpun,0,rain,night,-0.347260507,-0.721250535,0,1
821,203,203,33-b,33,nonpun,0,time,lunch,0.929261287,-0.308223877,0,1
823,203,203,33-b,33,nonpun,0,time,meeting,0.919818744,-0.750032,0,1
827,204,204,34-b,34,nonpun,0,poor,afford,0.58939641,-0.557698037,0,1
829,204,204,34-b,34,nonpun,0,poor,buy,0.033483277,-0.788090527,0,1
830,204,204,34-b,34,nonpun,0,poor,cannot,0.074573357,-0.781460533,0,1
832,204,204,34-b,34,nonpun,0,poor,family,0.512370285,-0.506777115,0,1
833,204,204,34-b,34,nonpun,0,poor,food,-0.127033648,-0.602746226,0,1
868,205,205,35-b,35,nonpun,0,guilt,accused,1.251821833,-0.205660218,0,1
871,205,205,35-b,35,nonpun,0,guilt,decides,-0.117941764,-0.748498052,0,1
874,205,205,35-b,35,nonpun,0,guilt,innocence,0.683609262,-0.227023413,0,1
875,205,205,35-b,35,nonpun,0,guilt,jury,1.256818579,-0.560675645,0,1
879,205,205,35-b,35,nonpun,0,guilt,person,0.46715014,-0.520269088,0,1
881,206,206,36-b,36,nonpun,0,err,being,-0.600162024,-0.496509971,0,1
882,206,206,36-b,36,nonpun,0,err,better,-0.588063778,-0.486176467,0,1
887,206,206,36-b,36,nonpun,0,err,safe,-0.174398323,-0.368815251,0,1
888,206,206,36-b,36,nonpun,0,err,side,-0.375675418,-0.506233458,0,1
913,207,207,37-b,37,nonpun,0,sun,evening,0.857747221,-0.570579325,0,1
915,207,207,37-b,37,nonpun,0,sun,morning,1.438934245,-0.678068098,0,1
919,207,207,37-b,37,nonpun,0,sun,rises,1.575861286,-0.614927634,0,1
920,207,207,37-b,37,nonpun,0,sun,sets,1.090345779,-0.735985557,0,1
940,208,208,38-b,38,nonpun,0,seas,high,1.15987515,-0.577071422,0,1
943,208,208,38-b,38,nonpun,0,seas,mid-atlantic,1.1959212,-0.677186934,0,1
946,208,208,38-b,38,nonpun,0,seas,ship,1.612179029,-0.644056695,0,1
976,209,209,39-b,39,nonpun,0,what,students,-0.499064815,-0.63958554,0,1
977,209,209,39-b,39,nonpun,0,what,teacher,-0.459484636,-0.654493271,0,1
978,209,209,39-b,39,nonpun,0,what,told,-0.184861844,-0.69704956,0,1
984,210,210,40-b,40,nonpun,0,raiser,church,-0.207024675,-0.727307596,0,1
985,210,210,40-b,40,nonpun,0,raiser,fund,0.810271506,-0.729274222,0,1
986,210,210,40-b,40,nonpun,0,raiser,girl,-0.820700699,-0.009458297,0,1
987,210,210,40-b,40,nonpun,0,raiser,local,-0.369067514,-0.730890722,0,1
989,210,210,40-b,40,nonpun,0,raiser,organized,-0.335369813,-0.552618566,0,1
1020,211,211,41-b,41,nonpun,0,not,let's,-0.326499837,-0.622480047,0,1
1032,212,212,42-b,42,nonpun,0,would,father,-0.621234826,-0.655994366,0,1
1034,212,212,42-b,42,nonpun,0,would,go,-0.397667605,-0.750032,0,1
1035,212,212,42-b,42,nonpun,0,would,let,0.262509042,-0.788660111,0,1
1036,212,212,42-b,42,nonpun,0,would,not,0.238664661,-0.688280885,0,1
1037,212,212,42-b,42,nonpun,0,would,party,-0.398684175,-0.782956386,0,1
1053,213,213,43-b,43,nonpun,0,grater,cheese,1.660631265,0.057620908,0,1
1053,213,213,43-b,43,nonpun,0,grater,cheese,1.660631265,0.057620908,0,1
1061,213,213,43-b,43,nonpun,0,grater,slices,0.646909343,-0.0989754,0,1
1068,214,214,44-b,44,nonpun,0,i,answer,-0.358631117,-0.640114938,0,1
1070,214,214,44-b,44,nonpun,0,i,know,0.147645951,-0.529571089,0,1
1084,215,215,45-b,45,nonpun,0,sell,car,0.842116061,-0.23232917,0,1
1085,215,215,45-b,45,nonpun,0,sell,good,0.367727749,-0.659243592,0,1
1089,215,215,45-b,45,nonpun,0,sell,price,1.641732003,-0.311436775,0,1
1093,216,216,46-b,46,nonpun,0,cent,borrow,0.745670533,-0.781460533,0,1
1095,216,216,46-b,46,nonpun,0,cent,even,-0.395060466,-0.6249038,0,1
1097,216,216,46-b,46,nonpun,0,cent,let,-0.714122825,-0.873396753,0,1
1098,216,216,46-b,46,nonpun,0,cent,not,-0.679842989,-0.781460533,0,1
1101,216,216,46-b,46,nonpun,0,cent,stingy,0.546384374,-0.448248014,0,1
1114,217,217,47-b,47,nonpun,0,coarse,hair,0.742759056,-0.014136551,0,1
1122,217,217,47-b,47,nonpun,0,coarse,very,-0.019471902,-0.577954079,0,1
1134,218,218,48-b,48,nonpun,0,dear,friend,1.12621052,-0.70352613,0,1
1145,219,219,49-b,49,nonpun,0,be,okay,-0.493988311,-0.831107629,0,1
1150,219,219,49-b,49,nonpun,0,be,worry,-0.564835602,-0.698656591,0,1
1173,220,220,50-b,50,nonpun,0,break,leg,1.168073764,-0.131012643,0,1
1175,220,220,50-b,50,nonpun,0,break,performance,0.132261404,0.669919049,0,1
1194,221,221,51-b,51,nonpun,0,flower,among,-0.720665464,-0.765176251,0,1
1201,221,221,51-b,51,nonpun,0,flower,growing,1.522493993,-0.36378025,0,1
1204,221,221,51-b,51,nonpun,0,flower,picked,1.016651518,-0.630724541,0,1
1205,221,221,51-b,51,nonpun,0,flower,pretty,1.338286727,-0.455797233,0,1
1208,221,221,51-b,51,nonpun,0,flower,weeds,1.318642479,-0.725417027,0,1
1210,222,222,52-b,52,nonpun,0,fair,game,1.041816066,-0.456911341,0,1
1212,222,222,52-b,52,nonpun,0,fair,not,0.275923826,-0.777055256,0,1
1214,222,222,52-b,52,nonpun,0,fair,rules,0.888002604,-0.234574065,0,1
1228,223,223,53-b,53,nonpun,0,heal,just,-0.688196532,-0.824635495,0,1
1229,223,223,53-b,53,nonpun,0,heal,takes,-0.520729992,-0.49698937,0,1
1230,223,223,53-b,53,nonpun,0,heal,time,0.55593966,-0.916925526,0,1
1232,223,223,53-b,53,nonpun,0,heal,wounds,1.7097202,-0.108540447,0,1
1241,224,224,54-b,54,nonpun,0,him,back,-0.518706364,-0.834836548,0,1
1243,224,224,54-b,54,nonpun,0,him,john,0.292140711,-0.080644958,0,1
1244,224,224,54-b,54,nonpun,0,him,like,-0.30463761,-0.530389328,0,1
1245,224,224,54-b,54,nonpun,0,him,likes,-0.533676365,-0.486112886,0,1
1249,224,224,54-b,54,nonpun,0,him,sarah,-0.798072639,-0.518073919,0,1
1263,225,225,55-b,55,nonpun,0,knows,almost,-0.154943152,-0.561740608,0,1
1266,225,225,55-b,55,nonpun,0,knows,dictionary,0.656967,-0.740929655,0,1
1269,225,225,55-b,55,nonpun,0,knows,word,0.100501487,0.034196064,0,1
1277,226,226,56-b,56,nonpun,0,in,close,0.495009183,-0.454483084,0,1
1278,226,226,56-b,56,nonpun,0,in,come,0.485694349,-0.436298857,0,1
1279,226,226,56-b,56,nonpun,0,in,door,1.037311785,0.200615259,0,1
1282,226,226,56-b,56,nonpun,0,in,room,0.063650469,1.636828851,0,1
1296,227,227,57-b,57,nonpun,0,idle,doing,0.018690301,-0.599341465,0,1
1298,227,227,57-b,57,nonpun,0,idle,just,0.004347172,-0.671030844,0,1
1302,227,227,57-b,57,nonpun,0,idle,sitting,1.194082122,-0.122448486,0,1
1319,228,228,58-b,58,nonpun,0,made,cake,0.827388061,-0.525779941,0,1
1332,229,229,59-b,59,nonpun,0,none,made,-0.497056052,-0.784191115,0,1
1336,229,229,59-b,59,nonpun,0,none,sense,-0.061491739,-0.528392422,0,1
1350,230,230,60-b,60,nonpun,0,morning,shining,0.859793109,-0.413828594,0,1
1351,230,230,60-b,60,nonpun,0,morning,sun,1.698846284,-0.497003111,0,1
1352,230,230,60-b,60,nonpun,0,morning,up,0.98398147,-0.130271793,0,1
1353,230,230,60-b,60,nonpun,0,morning,woke,1.54108883,-0.343863179,0,1
1370,231,231,61-b,61,nonpun,0,meet,able,0.238797127,-0.621082221,0,1
1372,231,231,61-b,61,nonpun,0,meet,finally,0.142099156,-0.682571345,0,1
1375,231,231,61-b,61,nonpun,0,meet,pals,0.552091521,-0.82652512,0,1
1376,231,231,61-b,61,nonpun,0,meet,pen,-0.654525921,-0.694785813,0,1
1381,232,232,62-b,62,nonpun,0,real,counterfeit,0.957410112,-0.541107635,0,1
1382,232,232,62-b,62,nonpun,0,real,diamond,0.728779693,-0.775422228,0,1
1385,232,232,62-b,62,nonpun,0,real,good,-0.159518835,-0.56642981,0,1
1386,232,232,62-b,62,nonpun,0,real,just,0.295080021,-0.737646499,0,1
1388,232,232,62-b,62,nonpun,0,real,not,-0.260656712,-0.524606471,0,1
1390,232,232,62-b,62,nonpun,0,real,very,0.162943031,-0.77051102,0,1
1410,233,233,63-b,63,nonpun,0,pair,matching,1.931825623,-0.632767131,0,1
1411,233,233,63-b,63,nonpun,0,pair,socks,1.542811322,-0.628094303,0,1
1433,234,234,64-b,64,nonpun,0,prey,eagle's,1.069484634,0.000212148,0,1
1434,234,234,64-b,64,nonpun,0,prey,easily,0.06409278,-0.510718826,0,1
1435,234,234,64-b,64,nonpun,0,prey,mouse,1.243436964,-0.349015178,0,1
1452,235,235,65-b,65,nonpun,0,route,faster,0.5684251,-0.626807084,0,1
1453,235,235,65-b,65,nonpun,0,route,home,0.363142717,-0.032831021,0,1
1455,235,235,65-b,65,nonpun,0,route,take,0.425023793,-0.599633919,0,1
1460,235,235,65-b,65,nonpun,0,route,way,1.57234326,-0.54305294,0,1
1,236,1,1-b,1,pun,1,profit,atheism,-0.293007439,0.043975327,0,1
12,236,1,1-b,1,pun,1,profit,non,0.76452703,-0.650018431,0,1
13,236,1,1-b,1,pun,1,profit,organization,1.344302809,0.123608176,0,1
43,237,2,2-b,2,pun,1,pie,circumference,1.192320265,1.110707202,0,1
46,237,2,2-b,2,pun,1,pie,get,-0.213873793,-0.532050103,0,1
47,237,2,2-b,2,pun,1,pie,large,0.203214357,-0.196874277,0,1
71,238,3,3-b,3,pun,1,need,bakers,-0.430311199,1.643374608,0,1
72,238,3,3-b,3,pun,1,need,basis,0.363879125,-0.724020559,0,1
73,238,3,3-b,3,pun,1,need,bread,-0.10745158,1.618475041,0,1
79,238,3,3-b,3,pun,1,need,know,-0.08894483,-0.664626706,0,1
84,238,3,3-b,3,pun,1,need,recipes,-0.181518542,1.004924966,0,1
86,238,3,3-b,3,pun,1,need,trade,0.499910519,-0.58008783,0,1
102,239,4,4-b,4,pun,1,or,choose,1.166963655,-0.51196844,0,1
105,239,4,4-b,4,pun,1,or,either,1.802274457,-0.745201312,0,1
107,239,4,4-b,4,pun,1,or,indecisive,0.924511546,-0.736316505,0,1
108,239,4,4-b,4,pun,1,or,not,0.061294261,-0.73898887,0,1
111,239,4,4-b,4,pun,1,or,rower,-0.722767904,1.833928909,0,1
114,240,5,5-b,5,pun,1,tears,cake,-0.733195769,0.847840122,0,1
116,240,5,5-b,5,pun,1,tears,emotional,1.613409237,-0.093719285,0,1
117,240,5,5-b,5,pun,1,tears,even,-0.643260403,-0.21256834,0,1
125,240,5,5-b,5,pun,1,tears,wedding,1.167013135,0.363679868,0,1
140,241,6,6-b,6,pun,1,pole,conduct,-0.131050615,0.79637133,0,1
142,241,6,6-b,6,pun,1,pole,country,-0.441639232,-0.020817463,0,1
143,241,6,6-b,6,pun,1,pole,decided,-0.438823318,0.888379398,0,1
144,241,6,6-b,6,pun,1,pole,flag,1.600043247,0.519522756,0,1
146,241,6,6-b,6,pun,1,pole,new,-0.573021617,-0.30941208,0,1
166,242,7,7-b,7,pun,1,board,chairman,1.891566794,-0.257766851,0,1
169,242,7,7-b,7,pun,1,board,executive,1.514850716,-0.232066116,0,1
173,242,7,7-b,7,pun,1,board,meetings,0.957355228,0.256531919,0,1
191,243,8,8-b,8,pun,1,grease,donuts,0.661854871,-0.497489011,0,1
193,243,8,8-b,8,pun,1,grease,know,-0.669045928,-0.577456692,0,1
194,243,8,8-b,8,pun,1,grease,made,-0.586369571,-0.564552226,0,1
207,244,9,9-b,9,pun,1,sign,above,-0.011263401,-0.539975973,0,1
213,244,9,9-b,9,pun,1,sign,hoping,-0.145123348,-0.763760078,0,1
215,244,9,9-b,9,pun,1,sign,prayed,0.347605059,-0.781460533,0,1
218,244,9,9-b,9,pun,1,sign,tests,-0.19480109,-0.122511114,0,1
219,244,9,9-b,9,pun,1,sign,trigonometry,0.636264574,1.282836716,0,1
247,245,10,10-b,10,pun,1,principle,disliked,0.099790292,-0.136515567,0,1
249,245,10,10-b,10,pun,1,principle,john,-0.438655141,-0.059251367,0,1
250,245,10,10-b,10,pun,1,principle,just,1.030609819,0.366797927,0,1
253,245,10,10-b,10,pun,1,principle,not,-0.574541502,-0.750032,0,1
255,245,10,10-b,10,pun,1,principle,school,1.0686167,1.99747003,0,1
276,246,11,11-b,11,pun,1,seedy,music,-0.31297692,1.794118677,0,1
278,246,11,11-b,11,pun,1,seedy,part,-0.118107336,-0.422293117,0,1
280,246,11,11-b,11,pun,1,seedy,stores,-0.392169307,0.803521617,0,1
281,246,11,11-b,11,pun,1,seedy,town,-0.143891918,-0.67697029,0,1
284,247,12,12-b,12,pun,1,hair,got,-0.523207923,-0.805884849,0,1
287,247,12,12-b,12,pun,1,hair,mad,-0.399004337,-0.399919617,0,1
288,247,12,12-b,12,pun,1,hair,magician,-0.520019328,1.267423786,0,1
289,247,12,12-b,12,pun,1,hair,out,-0.341957696,-0.832510067,0,1
292,247,12,12-b,12,pun,1,hair,pulled,0.793711827,-0.746881884,0,1
317,248,13,13-b,13,pun,1,naughty,admonished,0.304300529,-0.648839231,0,1
318,248,13,13-b,13,pun,1,naughty,apparently,-0.483787797,-0.750032,0,1
322,248,13,13-b,13,pun,1,naughty,father,-0.415566217,-0.795986539,0,1
324,248,13,13-b,13,pun,1,naughty,pine,-0.793461446,-0.160851791,0,1
325,248,13,13-b,13,pun,1,naughty,sapling,-0.624846796,0.091068985,0,1
326,248,13,13-b,13,pun,1,naughty,young,0.14893242,-0.639578699,0,1
331,249,14,14-b,14,pun,1,taught,learn,1.71226036,-0.576975932,0,1
334,249,14,14-b,14,pun,1,taught,rope,-0.121058026,0.868287367,0,1
337,249,14,14-b,14,pun,1,taught,tricks,0.383502192,-0.474706301,0,1
349,250,15,15-b,15,pun,1,marks,class,0.545062066,0.578105668,0,1
350,250,15,15-b,15,pun,1,marks,communism,-0.606476564,1.31724495,0,1
351,250,15,15-b,15,pun,1,marks,dropped,-0.166436781,-0.781460533,0,1
356,250,15,15-b,15,pun,1,marks,lousy,-0.02914144,-0.700099018,0,1
358,250,15,15-b,15,pun,1,marks,out,-0.468658789,-0.706776015,0,1
385,251,16,16-b,16,pun,1,high,boy,-0.437116177,-0.417689106,0,1
387,251,16,16-b,16,pun,1,high,instinctively,-0.38716255,-0.349854622,0,1
388,251,16,16-b,16,pun,1,high,natural,-0.157847829,-0.689691795,0,1
389,251,16,16-b,16,pun,1,high,people,-0.059803808,0.071003092,0,1
396,251,16,16-b,16,pun,1,high,waves,0.804602748,-0.20390641,0,1
398,252,17,17-b,17,pun,1,days,end,-0.001792814,-0.781159905,0,1
399,252,17,17-b,17,pun,1,days,having,-0.402625515,-0.930877055,0,1
401,252,17,17-b,17,pun,1,days,longs,-0.17518217,-0.340935657,0,1
403,252,17,17-b,17,pun,1,days,school,0.829777152,-0.178407141,0,1
405,252,17,17-b,17,pun,1,days,teacher,-0.010627663,-0.653580937,0,1
406,252,17,17-b,17,pun,1,days,time,1.575538749,-0.436061797,0,1
407,252,17,17-b,17,pun,1,days,tough,0.093878323,-0.333186385,0,1
421,253,18,18-b,18,pun,1,pros,authors,0.040325601,0.915941599,0,1
423,253,18,18-b,18,pun,1,pros,cons,1.562762916,-0.587049833,0,1
425,253,18,18-b,18,pun,1,pros,jail,-0.674232177,-0.696797307,0,1
444,254,19,19-b,19,pun,1,plain,eat,-0.226245133,-0.144761088,0,1
445,254,19,19-b,19,pun,1,plain,expect,-0.672960552,-0.382682084,0,1
446,254,19,19-b,19,pun,1,plain,fancy,0.324450008,-0.202904824,0,1
448,254,19,19-b,19,pun,1,plain,flying,-0.512024581,1.816222237,0,1
449,254,19,19-b,19,pun,1,plain,food,0.23343159,0.151330212,0,1
451,254,19,19-b,19,pun,1,plain,not,-0.288942001,-0.749886832,0,1
479,255,20,20-b,20,pun,1,damn,beaver,0.156040259,1.758858353,0,1
480,255,20,20-b,20,pun,1,damn,best,-0.310985493,-0.739470846,0,1
482,255,20,20-b,20,pun,1,damn,ever,-0.570525947,-0.714138324,0,1
486,255,20,20-b,20,pun,1,damn,movie,-0.585364406,-0.735985557,0,1
486,255,20,20-b,20,pun,1,damn,movie,-0.585364406,-0.735985557,0,1
487,255,20,20-b,20,pun,1,damn,night,-0.514829836,-0.520710889,0,1
489,255,20,20-b,20,pun,1,damn,saw,-0.763361954,-0.307453941,0,1
491,255,20,20-b,20,pun,1,damn,seen,-0.680358393,-0.690693545,0,1
502,256,21,21-b,21,pun,1,hurts,computer,-0.50140918,1.118191817,0,1
508,256,21,21-b,21,pun,1,hurts,slow,-0.470437756,-0.302989984,0,1
523,257,22,22-b,22,pun,1,roll,actors,-0.305783932,1.601986906,0,1
527,257,22,22-b,22,pun,1,roll,great,-0.515024286,-0.283150414,0,1
530,257,22,22-b,22,pun,1,roll,movie,0.594719169,1.532476003,0,1
537,258,23,23-b,23,pun,1,caller,id,1.368685278,0.40944158,0,1
538,258,23,23-b,23,pun,1,caller,man,0.085463008,0.233988351,0,1
539,258,23,23-b,23,pun,1,caller,name,0.722813874,-0.106902364,0,1
540,258,23,23-b,23,pun,1,caller,neck,-0.492296779,1.638391002,0,1
543,258,23,23-b,23,pun,1,caller,put,-0.719297165,-0.622695174,0,1
545,258,23,23-b,23,pun,1,caller,shirt,-0.621766767,1.569426463,0,1
577,259,24,24-b,24,pun,1,steel,muscles,-0.143208756,-0.453849102,0,1
580,259,24,24-b,24,pun,1,steel,thieves,-0.301460132,2.083308461,0,1
583,260,25,25-b,25,pun,1,die,actress,-0.37253657,-0.191653442,0,1
585,260,25,25-b,25,pun,1,die,gray,0.011905704,0.733598121,0,1
586,260,25,25-b,25,pun,1,die,hair,-0.704851099,1.523473926,0,1
591,260,25,25-b,25,pun,1,die,saw,-0.302942596,-0.701321696,0,1
593,260,25,25-b,25,pun,1,die,strands,-0.437879686,0.594733015,0,1
594,260,25,25-b,25,pun,1,die,thought,-0.598395341,-0.82578583,0,1
620,261,26,26-b,26,pun,1,waste,belt,-0.347338501,1.597962543,0,1
621,261,26,26-b,26,pun,1,waste,cardboard,0.720292439,-0.76867622,0,1
625,261,26,26-b,26,pun,1,waste,paper,0.715106249,-0.586922992,0,1
629,262,27,27-b,27,pun,1,feat,able,0.192267427,-0.318576775,0,1
630,262,27,27-b,27,pun,1,feat,being,-0.32027531,-0.606391309,0,1
632,262,27,27-b,27,pun,1,feat,fit,-0.561509507,-0.037323991,0,1
633,262,27,27-b,27,pun,1,feat,fourteen,-0.690051472,0.377560615,0,1
638,262,27,27-b,27,pun,1,feat,quite,-0.190079146,-0.593675754,0,1
640,262,27,27-b,27,pun,1,feat,shoes,-0.582987908,1.661397429,0,1
641,262,27,27-b,27,pun,1,feat,size,-0.45251572,0.721870727,0,1
663,263,28,28-b,28,pun,1,allowed,mime,-0.701130918,-0.332451663,0,1
664,263,28,28-b,28,pun,1,allowed,not,-0.329427842,-0.538579436,0,1
667,263,28,28-b,28,pun,1,allowed,say,-0.033663658,1.335776396,0,1
671,263,28,28-b,28,pun,1,allowed,wanted,0.328884943,-0.635801964,0,1
698,264,29,29-b,29,pun,1,pale,buckets,-0.029501143,1.416678201,0,1
700,264,29,29-b,29,pun,1,pale,carry,-0.217803528,0.829926254,0,1
702,264,29,29-b,29,pun,1,pale,feeling,-0.256058431,-0.685825422,0,1
707,264,29,29-b,29,pun,1,pale,start,-0.750168933,-0.712694931,0,1
708,264,29,29-b,29,pun,1,pale,those,-0.83061309,-0.716689837,0,1
712,265,30,30-b,30,pun,1,manner,castle,0.10552875,1.698588817,0,1
715,265,30,30-b,30,pun,1,manner,home,-0.345664258,1.322936486,0,1
718,265,30,30-b,30,pun,1,manner,man's,-0.295230845,-0.272675645,0,1
722,265,30,30-b,30,pun,1,manner,speaking,0.646434966,-0.458717251,0,1
757,266,31,31-b,31,pun,1,cash,chips,0.7956559,-0.819637414,0,1
759,266,31,31-b,31,pun,1,cash,computer,-0.123120412,1.505761556,0,1
762,266,31,31-b,31,pun,1,cash,ended,-0.454443007,-0.603802302,0,1
763,266,31,31-b,31,pun,1,cash,online,-0.181050587,1.029892406,0,1
765,266,31,31-b,31,pun,1,cash,poker,1.316488685,-0.2132602,0,1
768,266,31,31-b,31,pun,1,cash,suddenly,-0.56330868,-0.675640845,0,1
770,266,31,31-b,31,pun,1,cash,tournament,0.755545695,-0.729033819,0,1
774,267,32,32-b,32,pun,1,rain,britain,0.061046913,1.042022668,0,1
780,267,32,32-b,32,pun,1,rain,long,-0.350116242,0.642961873,0,1
782,267,32,32-b,32,pun,1,rain,place,-0.136697917,-0.024887767,0,1
783,267,32,32-b,32,pun,1,rain,queen,-0.702310804,1.752883517,0,1
785,267,32,32-b,32,pun,1,rain,wet,2.093230813,-0.759895853,0,1
815,268,33,33-b,33,pun,1,time,extra,0.421663016,-0.718040206,0,1
818,268,33,33-b,33,pun,1,time,gardeners,-0.444254531,1.344828955,0,1
819,268,33,33-b,33,pun,1,time,get,-0.3333092,-0.459086859,0,1
820,268,33,33-b,33,pun,1,time,herb,-0.532604413,1.966137607,0,1
826,268,33,33-b,33,pun,1,time,work,0.870582592,-0.633998157,0,1
828,269,34,34-b,34,pun,1,poor,bad,0.507396557,-0.52912533,0,1
831,269,34,34-b,34,pun,1,poor,excuse,0.546949903,-0.797260382,0,1
835,269,34,34-b,34,pun,1,poor,say,-0.598910423,-0.721007352,0,1
835,269,34,34-b,34,pun,1,poor,say,-0.598910423,-0.721007352,0,1
836,269,34,34-b,34,pun,1,poor,skin,-0.24986229,1.711512432,0,1
869,270,35,35-b,35,pun,1,guilt,complex,0.662758497,-0.330724331,0,1
873,270,35,35-b,35,pun,1,guilt,gold,-0.391441182,0.294488666,0,1
876,270,35,35-b,35,pun,1,guilt,like,-0.621661154,-0.379747841,0,1
877,270,35,35-b,35,pun,1,guilt,paint,-0.781460533,-0.023620318,0,1
878,270,35,35-b,35,pun,1,guilt,people,0.305665447,-0.302710537,0,1
885,271,36,36-b,36,pun,1,err,human,0.408764856,0.509669411,0,1
911,272,37,37-b,37,pun,1,sun,boy,-0.761227994,1.493254391,0,1
914,272,37,37-b,37,pun,1,sun,got,-0.646079413,-0.750504706,0,1
916,272,37,37-b,37,pun,1,sun,only,-0.665076312,0.055293382,0,1
918,272,37,37-b,37,pun,1,sun,rest,-0.515133451,-0.494602382,0,1
936,273,38,38-b,38,pun,1,seas,cannot,-0.834120549,-0.561368366,0,1
940,273,38,38-b,38,pun,1,seas,high,1.15987515,-0.577071422,0,1
941,273,38,38-b,38,pun,1,seas,hit,-0.617809813,-0.752815211,0,1
942,273,38,38-b,38,pun,1,seas,make,-0.650018431,-0.583384169,0,1
944,273,38,38-b,38,pun,1,seas,novice,-0.59044442,-0.620696349,0,1
945,273,38,38-b,38,pun,1,seas,pirates,1.633184002,-0.750032,0,1
948,273,38,38-b,38,pun,1,seas,singers,-0.721792247,-0.351746838,0,1
950,273,38,38-b,38,pun,1,seas,terrible,0.208366564,-0.480278263,0,1
966,274,39,39-b,39,pun,1,what,bright,-0.808464664,1.27752717,0,1
969,274,39,39-b,39,pun,1,what,electrician,-0.565610687,1.599986887,0,1
970,274,39,39-b,39,pun,1,what,knows,0.249689963,-0.750032,0,1
975,274,39,39-b,39,pun,1,what,spark,-0.667509975,0.669217971,0,1
980,274,39,39-b,39,pun,1,what,what's,1.727922581,-0.750032,0,1
983,275,40,40-b,40,pun,1,raiser,budget,-0.304511824,-0.576139639,0,1
985,275,40,40-b,40,pun,1,raiser,fund,0.810271506,-0.729274222,0,1
988,275,40,40-b,40,pun,1,raiser,mayor,-0.482292327,-0.795271193,0,1
991,275,40,40-b,40,pun,1,raiser,slash,-0.899042296,1.301105911,0,1
992,275,40,40-b,40,pun,1,raiser,turned,-0.628219204,-0.706402674,0,1
994,275,40,40-b,40,pun,1,raiser,wanted,-0.503213354,-0.461981485,0,1
1016,276,41,41-b,41,pun,1,not,boyscouts,-0.764521658,1.270743321,0,1
1019,276,41,41-b,41,pun,1,not,know,-0.418404378,-0.671753276,0,1
1021,276,41,41-b,41,pun,1,not,ropes,-0.748587042,1.821020782,0,1
1022,276,41,41-b,41,pun,1,not,tie,-0.658961115,1.837738897,0,1
1031,277,42,42-b,42,pun,1,would,ask,0.281509494,-0.74058236,0,1
1031,277,42,42-b,42,pun,1,would,ask,0.281509494,-0.74058236,0,1
1038,277,42,42-b,42,pun,1,would,trees,-0.589968992,2.166448306,0,1
1051,278,43,43-b,43,pun,1,grater,afraid,-0.660464671,-0.628551925,0,1
1052,278,43,43-b,43,pun,1,grater,cheddar,1.420513106,-0.1587744,0,1
1053,278,43,43-b,43,pun,1,grater,cheese,1.660631265,0.057620908,0,1
1054,278,43,43-b,43,pun,1,grater,colby,0.304746483,-0.446397203,0,1
1056,278,43,43-b,43,pun,1,grater,jack,-0.583510489,-0.518138013,0,1
1057,278,43,43-b,43,pun,1,grater,jr,-0.812516837,-0.465027397,0,1
1058,278,43,43-b,43,pun,1,grater,person,-0.75143754,0.508207023,0,1
1059,278,43,43-b,43,pun,1,grater,school,-0.887355743,1.38403971,0,1
1069,279,44,44-b,44,pun,1,i,blind,-0.682200263,1.633367495,0,1
1072,279,44,44-b,44,pun,1,i,see,-0.407484277,1.716412583,0,1
1083,280,45,45-b,45,pun,1,sell,biology,-0.668966778,1.899746806,0,1
1086,280,45,45-b,45,pun,1,sell,keep,0.284274609,-0.167399992,0,1
1087,280,45,45-b,45,pun,1,sell,know,-0.406087292,-0.600469468,0,1
1090,280,45,45-b,45,pun,1,sell,program,0.163641109,-0.188208976,0,1
1091,280,45,45-b,45,pun,1,sell,whether,-0.557729007,-0.70958237,0,1
1094,281,46,46-b,46,pun,1,cent,cost,1.670044311,-0.718257531,0,1
1096,281,46,46-b,46,pun,1,cent,get,-0.590832723,-0.77925162,0,1
1099,281,46,46-b,46,pun,1,cent,rid,-0.686738689,-0.244247527,0,1
1100,281,46,46-b,46,pun,1,cent,smell,-0.846756795,2.062695781,0,1
1113,282,47,47-b,47,pun,1,coarse,class,-0.333612223,1.427448953,0,1
1115,282,47,47-b,47,pun,1,coarse,just,-0.606275298,-0.51112576,0,1
1116,282,47,47-b,47,pun,1,coarse,liking,-0.687722396,-0.480204271,0,1
1117,282,47,47-b,47,pun,1,coarse,rough,1.849272922,0.101915678,0,1
1119,282,47,47-b,47,pun,1,coarse,stick,-0.381049564,-0.582361944,0,1
1121,282,47,47-b,47,pun,1,coarse,tried,-0.722080095,-0.151422091,0,1
1135,283,48,48-b,48,pun,1,dear,pet,0.1898141,0.228277311,0,1
1136,283,48,48-b,48,pun,1,dear,very,-0.202505068,-0.82008547,0,1
1142,284,49,49-b,49,pun,1,be,hive,-0.67396499,1.99161332,0,1
1144,284,49,49-b,49,pun,1,be,long,-0.371411379,-0.676077564,0,1
1149,284,49,49-b,49,pun,1,be,want,-0.212850968,-0.543120328,0,1
1170,285,50,50-b,50,pun,1,break,careful,0.065577869,0.678402617,0,1
1172,285,50,50-b,50,pun,1,break,fast,0.481797687,0.659288052,0,1
1174,285,50,50-b,50,pun,1,break,not,-0.585134454,-0.701227256,0,1
1176,285,50,50-b,50,pun,1,break,really,-0.433639757,-0.653005421,0,1
1177,285,50,50-b,50,pun,1,break,run,0.360466076,-0.036327434,0,1
1196,286,51,51-b,51,pun,1,flower,brought,0.069641627,-0.558813333,0,1
1197,286,51,51-b,51,pun,1,flower,chef,-0.748757797,1.383582874,0,1
1198,286,51,51-b,51,pun,1,flower,day,0.027390137,-0.652054579,0,1
1200,286,51,51-b,51,pun,1,flower,girlfriend,0.549974398,-0.785812624,0,1
1203,286,51,51-b,51,pun,1,flower,pastry,-0.338104018,1.813321928,0,1
1207,286,51,51-b,51,pun,1,flower,valentine's,1.36529413,-0.564782772,0,1
1209,287,52,52-b,52,pun,1,fair,driver,-0.431253583,0.801534234,0,1
1211,287,52,52-b,52,pun,1,fair,insisted,-0.061648,-0.667750995,0,1
1215,287,52,52-b,52,pun,1,fair,toll,0.367733434,1.556833585,0,1
1216,287,52,52-b,52,pun,1,fair,wasn't,-0.035485422,-0.640278029,0,1
1226,288,53,53-b,53,pun,1,heal,foot,-0.087361429,1.940974239,0,1
1227,288,53,53-b,53,pun,1,heal,injured,1.472511115,0.057277285,0,1
1228,288,53,53-b,53,pun,1,heal,just,-0.688196532,-0.824635495,0,1
1246,289,54,54-b,54,pun,1,him,perform,0.109566256,0.661800948,0,1
1247,289,54,54-b,54,pun,1,him,priest,0.835605283,1.136078096,0,1
1250,289,54,54-b,54,pun,1,him,song,-0.550481657,1.83254005,0,1
1251,289,54,54-b,54,pun,1,him,wrote,-0.268573499,0.463668465,0,1
1265,290,55,55-b,55,pun,1,knows,best,0.197022525,-0.580979706,0,1
1267,290,55,55-b,55,pun,1,knows,mother,0.096348478,0.002822517,0,1
1280,291,56,56-b,56,pun,1,in,hotel,-0.065879193,1.902320928,0,1
1281,291,56,56-b,56,pun,1,in,made,-0.071033816,-0.564564491,0,1
1283,291,56,56-b,56,pun,1,in,sleep,-0.208159509,1.426429404,0,1
1284,291,56,56-b,56,pun,1,in,stayed,0.302022196,0.708630598,0,1
1285,291,56,56-b,56,pun,1,in,sure,-0.314133727,-0.796065211,0,1
1295,292,57,57-b,57,pun,1,idle,celebrity,-0.497385494,1.630079064,0,1
1299,292,57,57-b,57,pun,1,idle,looking,-0.067710448,-0.237904966,0,1
1301,292,57,57-b,57,pun,1,idle,realized,-0.71578071,-0.382846755,0,1
1303,292,57,57-b,57,pun,1,idle,spent,-0.533821451,-0.810311842,0,1
1305,292,57,57-b,57,pun,1,idle,time,0.693466411,-0.582583342,0,1
1306,292,57,57-b,57,pun,1,idle,want,-0.65285615,0.125242085,0,1
1320,293,58,58-b,58,pun,1,made,clean,-0.217471608,1.43335711,0,1
1322,293,58,58-b,58,pun,1,made,up,0.028415389,-0.636687235,0,1
1323,293,58,58-b,58,pun,1,made,want,-0.390418074,-0.346160818,0,1
1329,294,59,59-b,59,pun,1,none,cared,-0.719476434,0.258241812,0,1
1330,294,59,59-b,59,pun,1,none,church,-0.661351908,1.511023217,0,1
1333,294,59,59-b,59,pun,1,none,new,-0.636518895,-0.512519397,0,1
1334,294,59,59-b,59,pun,1,none,opened,-0.694379985,-0.725367293,0,1
1347,295,60,60-b,60,pun,1,morning,cried,-0.622012371,1.519026606,0,1
1352,295,60,60-b,60,pun,1,morning,up,0.98398147,-0.130271793,0,1
1353,295,60,60-b,60,pun,1,morning,woke,1.54108883,-0.343863179,0,1
1371,296,61,61-b,61,pun,1,meet,butcher,-0.480239123,1.86152445,0,1
1373,296,61,61-b,61,pun,1,meet,glad,0.214778506,-0.624577141,0,1
1378,296,61,61-b,61,pun,1,meet,very,-0.635296521,-0.750802155,0,1
1379,297,62,62-b,62,pun,1,real,believe,0.857271047,-0.517334344,0,1
1380,297,62,62-b,62,pun,1,real,caught,-0.65036339,0.309116965,0,1
1384,297,62,62-b,62,pun,1,real,fisherman,-0.26450889,1.367889734,0,1
1389,297,62,62-b,62,pun,1,real,think,-0.281010289,-0.575037021,0,1
1405,298,63,63-b,63,pun,1,pair,brave,-0.727246795,-0.784706099,0,1
1406,298,63,63-b,63,pun,1,pair,enough,-0.415330884,-0.742273829,0,1
1407,298,63,63-b,63,pun,1,pair,farmer,-0.57056734,0.818799098,0,1
1408,298,63,63-b,63,pun,1,pair,fruit,-0.064065931,1.888157498,0,1
1409,298,63,63-b,63,pun,1,pair,grow,-0.085698222,0.684217304,0,1
1430,299,64,64-b,64,pun,1,prey,birds,0.980555011,-0.31666961,0,1
1430,299,64,64-b,64,pun,1,prey,birds,0.980555011,-0.31666961,0,1
1436,299,64,64-b,64,pun,1,prey,parish,-0.329569116,1.555833381,0,1
1449,300,65,65-b,65,pun,1,route,better,-0.074700608,-0.653153598,0,1
1450,300,65,65-b,65,pun,1,route,different,0.072262058,-0.628259539,0,1
1451,300,65,65-b,65,pun,1,route,farm,-0.324646459,0.785424192,0,1
1454,300,65,65-b,65,pun,1,route,make,-0.136643945,-0.640564017,0,1
1455,300,65,65-b,65,pun,1,route,take,0.425023793,-0.599633919,0,1
1456,300,65,65-b,65,pun,1,route,tree,-0.493103037,1.261934181,0,1
1459,300,65,65-b,65,pun,1,route,want,-0.533964192,-0.821371667,0,1
1460,300,65,65-b,65,pun,1,route,way,1.57234326,-0.54305294,0,1
11,301,66,1-b,1,depunned,1,profit,nationalism,-0.021314378,-0.058351208,0,1
12,301,66,1-b,1,depunned,1,profit,non,0.76452703,-0.650018431,0,1
13,301,66,1-b,1,depunned,1,profit,organization,1.344302809,0.123608176,0,1
46,302,67,2-b,2,depunned,1,pie,get,-0.213873793,-0.532050103,0,1
47,302,67,2-b,2,depunned,1,pie,large,0.203214357,-0.196874277,0,1
54,302,67,2-b,2,depunned,1,pie,waistline,0.520186144,-0.7108886,0,1
72,303,68,3-b,3,depunned,1,need,basis,0.363879125,-0.724020559,0,1
74,303,68,3-b,3,depunned,1,need,cake,-0.555317628,0.12823403,0,1
79,303,68,3-b,3,depunned,1,need,know,-0.08894483,-0.664626706,0,1
82,303,68,3-b,3,depunned,1,need,mothers,0.424642178,-0.548335746,0,1
84,303,68,3-b,3,depunned,1,need,recipes,-0.181518542,1.004924966,0,1
86,303,68,3-b,3,depunned,1,need,trade,0.499910519,-0.58008783,0,1
102,304,69,4-b,4,depunned,1,or,choose,1.166963655,-0.51196844,0,1
103,304,69,4-b,4,depunned,1,or,customer,-0.604678545,-0.718695956,0,1
105,304,69,4-b,4,depunned,1,or,either,1.802274457,-0.745201312,0,1
107,304,69,4-b,4,depunned,1,or,indecisive,0.924511546,-0.736316505,0,1
108,304,69,4-b,4,depunned,1,or,not,0.061294261,-0.73898887,0,1
116,305,70,5-b,5,depunned,1,tears,emotional,1.613409237,-0.093719285,0,1
117,305,70,5-b,5,depunned,1,tears,even,-0.643260403,-0.21256834,0,1
118,305,70,5-b,5,depunned,1,tears,mother-in-law,0.008489572,-0.581648779,0,1
125,305,70,5-b,5,depunned,1,tears,wedding,1.167013135,0.363679868,0,1
140,306,71,6-b,6,depunned,1,pole,conduct,-0.131050615,0.79637133,0,1
142,306,71,6-b,6,depunned,1,pole,country,-0.441639232,-0.020817463,0,1
143,306,71,6-b,6,depunned,1,pole,decided,-0.438823318,0.888379398,0,1
145,306,71,6-b,6,depunned,1,pole,gallup,0.133668179,0.685861504,0,1
146,306,71,6-b,6,depunned,1,pole,new,-0.573021617,-0.30941208,0,1
166,307,72,7-b,7,depunned,1,board,chairman,1.891566794,-0.257766851,0,1
169,307,72,7-b,7,depunned,1,board,executive,1.514850716,-0.232066116,0,1
170,307,72,7-b,7,depunned,1,board,galas,-0.540874047,-0.687181246,0,1
190,308,73,8-b,8,depunned,1,grease,dolmas,-0.274341775,0.557215052,0,1
193,308,73,8-b,8,depunned,1,grease,know,-0.669045928,-0.577456692,0,1
194,308,73,8-b,8,depunned,1,grease,made,-0.586369571,-0.564552226,0,1
207,309,74,9-b,9,depunned,1,sign,above,-0.011263401,-0.539975973,0,1
209,309,74,9-b,9,depunned,1,sign,biology,-0.394003312,-0.500066547,0,1
213,309,74,9-b,9,depunned,1,sign,hoping,-0.145123348,-0.763760078,0,1
215,309,74,9-b,9,depunned,1,sign,prayed,0.347605059,-0.781460533,0,1
218,309,74,9-b,9,depunned,1,sign,tests,-0.19480109,-0.122511114,0,1
246,310,75,10-b,10,depunned,1,principle,church,0.263537248,-0.313258918,0,1
247,310,75,10-b,10,depunned,1,principle,disliked,0.099790292,-0.136515567,0,1
249,310,75,10-b,10,depunned,1,principle,john,-0.438655141,-0.059251367,0,1
250,310,75,10-b,10,depunned,1,principle,just,1.030609819,0.366797927,0,1
253,310,75,10-b,10,depunned,1,principle,not,-0.574541502,-0.750032,0,1
275,311,76,11-b,11,depunned,1,seedy,grocery,-0.325687241,-0.812398877,0,1
278,311,76,11-b,11,depunned,1,seedy,part,-0.118107336,-0.422293117,0,1
280,311,76,11-b,11,depunned,1,seedy,stores,-0.392169307,0.803521617,0,1
281,311,76,11-b,11,depunned,1,seedy,town,-0.143891918,-0.67697029,0,1
284,312,77,12-b,12,depunned,1,hair,got,-0.523207923,-0.805884849,0,1
287,312,77,12-b,12,depunned,1,hair,mad,-0.399004337,-0.399919617,0,1
289,312,77,12-b,12,depunned,1,hair,out,-0.341957696,-0.832510067,0,1
291,312,77,12-b,12,depunned,1,hair,professor,-0.50178195,-0.809929124,0,1
292,312,77,12-b,12,depunned,1,hair,pulled,0.793711827,-0.746881884,0,1
317,313,78,13-b,13,depunned,1,naughty,admonished,0.304300529,-0.648839231,0,1
318,313,78,13-b,13,depunned,1,naughty,apparently,-0.483787797,-0.750032,0,1
319,313,78,13-b,13,depunned,1,naughty,boy,0.340873612,-0.524156448,0,1
322,313,78,13-b,13,depunned,1,naughty,father,-0.415566217,-0.795986539,0,1
326,313,78,13-b,13,depunned,1,naughty,young,0.14893242,-0.639578699,0,1
331,314,79,14-b,14,depunned,1,taught,learn,1.71226036,-0.576975932,0,1
335,314,79,14-b,14,depunned,1,taught,skateboard,0.04259686,-0.758430767,0,1
337,314,79,14-b,14,depunned,1,taught,tricks,0.383502192,-0.474706301,0,1
349,315,80,15-b,15,depunned,1,marks,class,0.545062066,0.578105668,0,1
351,315,80,15-b,15,depunned,1,marks,dropped,-0.166436781,-0.781460533,0,1
356,315,80,15-b,15,depunned,1,marks,lousy,-0.02914144,-0.700099018,0,1
357,315,80,15-b,15,depunned,1,marks,math,0.389682321,-0.767959074,0,1
358,315,80,15-b,15,depunned,1,marks,out,-0.468658789,-0.706776015,0,1
385,316,81,16-b,16,depunned,1,high,boy,-0.437116177,-0.417689106,0,1
387,316,81,16-b,16,depunned,1,high,instinctively,-0.38716255,-0.349854622,0,1
388,316,81,16-b,16,depunned,1,high,natural,-0.157847829,-0.689691795,0,1
390,316,81,16-b,16,depunned,1,high,risks,0.459151963,-0.304743819,0,1
393,316,81,16-b,16,depunned,1,high,takes,-0.668717148,-0.693282177,0,1
398,317,82,17-b,17,depunned,1,days,end,-0.001792814,-0.781159905,0,1
399,317,82,17-b,17,depunned,1,days,having,-0.402625515,-0.930877055,0,1
401,317,82,17-b,17,depunned,1,days,longs,-0.17518217,-0.340935657,0,1
403,317,82,17-b,17,depunned,1,days,school,0.829777152,-0.178407141,0,1
405,317,82,17-b,17,depunned,1,days,teacher,-0.010627663,-0.653580937,0,1
406,317,82,17-b,17,depunned,1,days,time,1.575538749,-0.436061797,0,1
407,317,82,17-b,17,depunned,1,days,tough,0.093878323,-0.333186385,0,1
422,318,83,18-b,18,depunned,1,pros,bankers,0.022727157,-0.691174695,0,1
423,318,83,18-b,18,depunned,1,pros,cons,1.562762916,-0.587049833,0,1
425,318,83,18-b,18,depunned,1,pros,jail,-0.674232177,-0.696797307,0,1
443,319,84,19-b,19,depunned,1,plain,driving,-0.610864636,-0.083360439,0,1
444,319,84,19-b,19,depunned,1,plain,eat,-0.226245133,-0.144761088,0,1
445,319,84,19-b,19,depunned,1,plain,expect,-0.672960552,-0.382682084,0,1
446,319,84,19-b,19,depunned,1,plain,fancy,0.324450008,-0.202904824,0,1
449,319,84,19-b,19,depunned,1,plain,food,0.23343159,0.151330212,0,1
451,319,84,19-b,19,depunned,1,plain,not,-0.288942001,-0.749886832,0,1
480,320,85,20-b,20,depunned,1,damn,best,-0.310985493,-0.739470846,0,1
482,320,85,20-b,20,depunned,1,damn,ever,-0.570525947,-0.714138324,0,1
484,320,85,20-b,20,depunned,1,damn,horror,0.336131541,-0.572337553,0,1
486,320,85,20-b,20,depunned,1,damn,movie,-0.585364406,-0.735985557,0,1
486,320,85,20-b,20,depunned,1,damn,movie,-0.585364406,-0.735985557,0,1
487,320,85,20-b,20,depunned,1,damn,night,-0.514829836,-0.520710889,0,1
489,320,85,20-b,20,depunned,1,damn,saw,-0.763361954,-0.307453941,0,1
491,320,85,20-b,20,depunned,1,damn,seen,-0.680358393,-0.690693545,0,1
504,321,86,21-b,21,depunned,1,hurts,horse,-0.473041096,-0.772358068,0,1
508,321,86,21-b,21,depunned,1,hurts,slow,-0.470437756,-0.302989984,0,1
525,322,87,22-b,22,depunned,1,roll,directors,0.161933505,1.313794948,0,1
527,322,87,22-b,22,depunned,1,roll,great,-0.515024286,-0.283150414,0,1
530,322,87,22-b,22,depunned,1,roll,movie,0.594719169,1.532476003,0,1
537,323,88,23-b,23,depunned,1,caller,id,1.368685278,0.40944158,0,1
538,323,88,23-b,23,depunned,1,caller,man,0.085463008,0.233988351,0,1
539,323,88,23-b,23,depunned,1,caller,name,0.722813874,-0.106902364,0,1
542,323,88,23-b,23,depunned,1,caller,pocket,-0.282536407,0.491531192,0,1
543,323,88,23-b,23,depunned,1,caller,put,-0.719297165,-0.622695174,0,1
545,323,88,23-b,23,depunned,1,caller,shirt,-0.621766767,1.569426463,0,1
571,324,89,24-b,24,depunned,1,steel,bodybuilders,0.250448323,-0.649597703,0,1
577,324,89,24-b,24,depunned,1,steel,muscles,-0.143208756,-0.453849102,0,1
583,325,90,25-b,25,depunned,1,die,actress,-0.37253657,-0.191653442,0,1
591,325,90,25-b,25,depunned,1,die,saw,-0.302942596,-0.701321696,0,1
594,325,90,25-b,25,depunned,1,die,thought,-0.598395341,-0.82578583,0,1
596,325,90,25-b,25,depunned,1,die,wrinkle,-0.059769336,-0.271485603,0,1
621,326,91,26-b,26,depunned,1,waste,cardboard,0.720292439,-0.76867622,0,1
623,326,91,26-b,26,depunned,1,waste,fort,-0.684103355,-0.700031899,0,1
625,326,91,26-b,26,depunned,1,waste,paper,0.715106249,-0.586922992,0,1
629,327,92,27-b,27,depunned,1,feat,able,0.192267427,-0.318576775,0,1
630,327,92,27-b,27,depunned,1,feat,being,-0.32027531,-0.606391309,0,1
632,327,92,27-b,27,depunned,1,feat,fit,-0.561509507,-0.037323991,0,1
633,327,92,27-b,27,depunned,1,feat,fourteen,-0.690051472,0.377560615,0,1
636,327,92,27-b,27,depunned,1,feat,pants,-0.603770822,0.112402272,0,1
638,327,92,27-b,27,depunned,1,feat,quite,-0.190079146,-0.593675754,0,1
641,327,92,27-b,27,depunned,1,feat,size,-0.45251572,0.721870727,0,1
662,328,93,28-b,28,depunned,1,allowed,intern,-0.329641635,-0.802449265,0,1
664,328,93,28-b,28,depunned,1,allowed,not,-0.329427842,-0.538579436,0,1
667,328,93,28-b,28,depunned,1,allowed,say,-0.033663658,1.335776396,0,1
671,328,93,28-b,28,depunned,1,allowed,wanted,0.328884943,-0.635801964,0,1
699,329,94,29-b,29,depunned,1,pale,burdens,-0.696741771,-0.494173788,0,1
700,329,94,29-b,29,depunned,1,pale,carry,-0.217803528,0.829926254,0,1
702,329,94,29-b,29,depunned,1,pale,feeling,-0.256058431,-0.685825422,0,1
707,329,94,29-b,29,depunned,1,pale,start,-0.750168933,-0.712694931,0,1
708,329,94,29-b,29,depunned,1,pale,those,-0.83061309,-0.716689837,0,1
711,330,95,30-b,30,depunned,1,manner,anchor,-0.715960213,-0.544392635,0,1
713,330,95,30-b,30,depunned,1,manner,family,0.026847491,0.646361356,0,1
718,330,95,30-b,30,depunned,1,manner,man's,-0.295230845,-0.272675645,0,1
719,330,95,30-b,30,depunned,1,manner,manor,-0.807980869,2.17883931,0,1
722,330,95,30-b,30,depunned,1,manner,speaking,0.646434966,-0.458717251,0,1
757,331,96,31-b,31,depunned,1,cash,chips,0.7956559,-0.819637414,0,1
758,331,96,31-b,31,depunned,1,cash,competitor,-0.141558575,-0.568240514,0,1
762,331,96,31-b,31,depunned,1,cash,ended,-0.454443007,-0.603802302,0,1
763,331,96,31-b,31,depunned,1,cash,online,-0.181050587,1.029892406,0,1
765,331,96,31-b,31,depunned,1,cash,poker,1.316488685,-0.2132602,0,1
768,331,96,31-b,31,depunned,1,cash,suddenly,-0.56330868,-0.675640845,0,1
770,331,96,31-b,31,depunned,1,cash,tournament,0.755545695,-0.729033819,0,1
773,332,97,32-b,32,depunned,1,rain,autumn,1.09296528,-0.481891487,0,1
774,332,97,32-b,32,depunned,1,rain,britain,0.061046913,1.042022668,0,1
780,332,97,32-b,32,depunned,1,rain,long,-0.350116242,0.642961873,0,1
782,332,97,32-b,32,depunned,1,rain,place,-0.136697917,-0.024887767,0,1
785,332,97,32-b,32,depunned,1,rain,wet,2.093230813,-0.759895853,0,1
815,333,98,33-b,33,depunned,1,time,extra,0.421663016,-0.718040206,0,1
818,333,98,33-b,33,depunned,1,time,gardeners,-0.444254531,1.344828955,0,1
819,333,98,33-b,33,depunned,1,time,get,-0.3333092,-0.459086859,0,1
825,333,98,33-b,33,depunned,1,time,tomato,-0.573106796,0.508965321,0,1
826,333,98,33-b,33,depunned,1,time,work,0.870582592,-0.633998157,0,1
828,334,99,34-b,34,depunned,1,poor,bad,0.507396557,-0.52912533,0,1
831,334,99,34-b,34,depunned,1,poor,excuse,0.546949903,-0.797260382,0,1
835,334,99,34-b,34,depunned,1,poor,say,-0.598910423,-0.721007352,0,1
835,334,99,34-b,34,depunned,1,poor,say,-0.598910423,-0.721007352,0,1
839,334,99,34-b,34,depunned,1,poor,teeth,-0.014939574,-0.45572585,0,1
869,335,100,35-b,35,depunned,1,guilt,complex,0.662758497,-0.330724331,0,1
876,335,100,35-b,35,depunned,1,guilt,like,-0.621661154,-0.379747841,0,1
877,335,100,35-b,35,depunned,1,guilt,paint,-0.781460533,-0.023620318,0,1
878,335,100,35-b,35,depunned,1,guilt,people,0.305665447,-0.302710537,0,1
880,335,100,35-b,35,depunned,1,guilt,purple,-0.803089329,-0.687010578,0,1
884,336,101,36-b,36,depunned,1,err,careless,1.378747103,-0.407451013,0,1
914,337,102,37-b,37,depunned,1,sun,got,-0.646079413,-0.750504706,0,1
916,337,102,37-b,37,depunned,1,sun,only,-0.665076312,0.055293382,0,1
917,337,102,37-b,37,depunned,1,sun,parrot,-0.474117686,-0.712210007,0,1
918,337,102,37-b,37,depunned,1,sun,rest,-0.515133451,-0.494602382,0,1
936,338,103,38-b,38,depunned,1,seas,cannot,-0.834120549,-0.561368366,0,1
937,338,103,38-b,38,depunned,1,seas,choristers,-0.568711897,-0.164473832,0,1
940,338,103,38-b,38,depunned,1,seas,high,1.15987515,-0.577071422,0,1
941,338,103,38-b,38,depunned,1,seas,hit,-0.617809813,-0.752815211,0,1
942,338,103,38-b,38,depunned,1,seas,make,-0.650018431,-0.583384169,0,1
944,338,103,38-b,38,depunned,1,seas,novice,-0.59044442,-0.620696349,0,1
948,338,103,38-b,38,depunned,1,seas,singers,-0.721792247,-0.351746838,0,1
950,338,103,38-b,38,depunned,1,seas,terrible,0.208366564,-0.480278263,0,1
966,339,104,39-b,39,depunned,1,what,bright,-0.808464664,1.27752717,0,1
970,339,104,39-b,39,depunned,1,what,knows,0.249689963,-0.750032,0,1
973,339,104,39-b,39,depunned,1,what,optometrist,-0.808577347,-0.569010045,0,1
975,339,104,39-b,39,depunned,1,what,spark,-0.667509975,0.669217971,0,1
980,339,104,39-b,39,depunned,1,what,what's,1.727922581,-0.750032,0,1
981,340,105,40-b,40,depunned,1,raiser,balance,-0.109023983,-0.528023149,0,1
983,340,105,40-b,40,depunned,1,raiser,budget,-0.304511824,-0.576139639,0,1
985,340,105,40-b,40,depunned,1,raiser,fund,0.810271506,-0.729274222,0,1
988,340,105,40-b,40,depunned,1,raiser,mayor,-0.482292327,-0.795271193,0,1
992,340,105,40-b,40,depunned,1,raiser,turned,-0.628219204,-0.706402674,0,1
994,340,105,40-b,40,depunned,1,raiser,wanted,-0.503213354,-0.461981485,0,1